File_name,Calorie_prediction,gt
['A02/SchoolRulesHowTheyHelpUs_walk_f_cm_np1_fr_med_2.avi'],[250],tensor(241)
['A23/v_Rowing_g14_c03.avi'],[571],tensor(327)
['A01/Rate_my_golf_swing__driver_and_9_iron_golf_f_cm_np1_le_med_2.avi'],[345],tensor(326)
['A12/v_JumpRope_g07_c03.avi'],[360],tensor(852)
['A25/v_SkateBoarding_g10_c04.avi'],[571],tensor(355)
['A17/v_TennisSwing_g19_c04.avi'],[573],tensor(510)
['A02/Veoh_Alpha_Dog_1_walk_f_cm_np2_fr_med_58.avi'],[571],tensor(243)
['A17/v_TennisSwing_g18_c01.avi'],[521],tensor(499)
['A19/v_FrisbeeCatch_g06_c04.avi'],[571],tensor(208)
['A27/v_BodyWeightSquats_g03_c01.avi'],[571],tensor(384)
['A27/v_BodyWeightSquats_g09_c06.avi'],[396],tensor(376)
['A19/v_FrisbeeCatch_g04_c01.avi'],[216],tensor(206)
['A23/v_Rowing_g17_c01.avi'],[571],tensor(327)
['A04/TheLastManOnearth_sit_u_cm_np1_fr_med_52.avi'],[250],tensor(88)
['A18/v_RockClimbingIndoor_g06_c02.avi'],[572],tensor(410)
['A02/AMADEUS_walk_u_nm_np1_ba_bad_3.avi'],[251],tensor(241)
['A16/v_Biking_g12_c04.avi'],[573],tensor(398)
['A01/Jordan_Malinoff_and__Anthony_Kim_Practice_golf_f_cm_np1_fr_med_2.avi'],[571],tensor(329)
['A06/CastAway1_stand_u_nm_np1_le_med_20.avi'],[572],tensor(88)
['A18/v_RockClimbingIndoor_g17_c01.avi'],[573],tensor(396)
['A02/MeettheParents_walk_f_cm_np1_fr_med_10.avi'],[252],tensor(238)
['A12/v_JumpRope_g11_c05.avi'],[396],tensor(852)
['A17/v_TennisSwing_g05_c03.avi'],[522],tensor(498)
['A03/TrumanShow_eat_u_cm_np1_ri_med_27.avi'],[250],tensor(104)
['A26/v_JumpingJack_g10_c05.avi'],[360],tensor(540)
['A20/v_TaiChi_g10_c04.avi'],[571],tensor(206)
['A03/BeforeNightFalls_eat_u_nm_np1_fr_med_0.avi'],[250],tensor(104)
['A02/Veoh_Alpha_Dog_2_walk_f_cm_np1_ri_med_25.avi'],[573],tensor(238)
['A02/EVOLUTION_walk_f_cm_np1_le_med_14.avi'],[252],tensor(239)
['A14/v_Bowling_g06_c07.avi'],[573],tensor(207)
['A12/v_JumpRope_g15_c04.avi'],[396],tensor(846)
['A02/BuddhaPainter_walk_u_cm_np1_ba_bad_0.avi'],[251],tensor(241)
['A08/FIFA_11_Gamescom-Trailer_kick_ball_f_cm_np1_ba_med_4.avi'],[571],tensor(557)
['A16/v_Biking_g03_c03.avi'],[573],tensor(397)
['A14/v_Bowling_g15_c01.avi'],[571],tensor(204)
['A05/AmericanGangster_run_u_cm_np1_ri_med_65.avi'],[573],tensor(543)
['A25/v_SkateBoarding_g16_c01.avi'],[358],tensor(352)
['A09/CharlieAndTheChocolateFactory_punch_u_nm_np1_le_med_12.avi'],[571],tensor(890)
['A06/BLACK_HAWK_DOWN_stand_f_nm_np1_ba_med_14.avi'],[573],tensor(88)
['A06/LONGESTYARD_stand_u_cm_np1_le_med_18.avi'],[250],tensor(92)
['A26/v_JumpingJack_g25_c02.avi'],[396],tensor(523)
['A04/Veoh_Alpha_Dog_2_sit_f_nm_np1_fr_med_0.avi'],[250],tensor(89)
['A03/SocialSeminarChanging_eat_u_cm_np1_fr_goo_2.avi'],[251],tensor(105)
['A21/v_SkyDiving_g05_c01.avi'],[252],tensor(244)
['A17/v_TennisSwing_g22_c04.avi'],[521],tensor(497)
['A06/RETURN_OF_THE_KING_stand_u_cm_np1_fr_med_12.avi'],[250],tensor(92)
['A10/person17_boxing_d3_s2.avi'],[396],tensor(383)
['A02/EVOLUTION_walk_f_nm_np1_fr_bad_13.avi'],[572],tensor(238)
['A01/Michelle_Wie_Powerful_Set-Up_and_Swing_golf_f_cm_np1_ri_med_0.avi'],[571],tensor(328)
['A07/Fellowship_6_climb_stairs_f_nm_np1_ba_bad_4.avi'],[252],tensor(272)
['A02/TrumanShow_walk_f_cm_np1_fr_med_24.avi'],[252],tensor(239)
['A02/EVOLUTION_walk_f_cm_np1_fr_med_23.avi'],[250],tensor(239)
['A16/v_Biking_g13_c02.avi'],[573],tensor(400)
['A08/Nike_Soccer_Freestyle_kick_ball_f_cm_np1_fr_med_0.avi'],[571],tensor(543)
['A25/v_SkateBoarding_g12_c06.avi'],[571],tensor(355)
['A02/prelinger_ControlY1950_walk_f_nm_np1_fr_med_5.avi'],[571],tensor(238)
['A02/CastAway1_walk_f_cm_np1_ba_med_1.avi'],[250],tensor(239)
['A26/v_JumpingJack_g01_c07.avi'],[396],tensor(524)
['A02/A_Beautiful_Mind_2_walk_f_cm_np2_fr_med_9.avi'],[250],tensor(239)
['A16/v_Biking_g25_c03.avi'],[573],tensor(396)
['A23/v_Rowing_g21_c02.avi'],[571],tensor(336)
['A26/v_JumpingJack_g01_c03.avi'],[396],tensor(525)
['A06/Man_Who_Cheated_Himself_512kb_stand_u_nm_np1_ba_med_7.avi'],[250],tensor(90)
['A18/v_RockClimbingIndoor_g22_c04.avi'],[572],tensor(398)
['A09/KUNG_FU_HUSTLE_punch_u_cm_np1_fr_med_30.avi'],[252],tensor(894)
['A18/v_RockClimbingIndoor_g21_c07.avi'],[573],tensor(403)
['A18/v_RockClimbingIndoor_g05_c04.avi'],[573],tensor(396)
['A08/Britney_Spears_-_Comercial_Pepsi_soccer_kick_ball_f_nm_np1_fr_med_4.avi'],[573],tensor(550)
['A06/20060723sfjffcomeback_stand_u_cm_np1_ba_med_1.avi'],[252],tensor(89)
['A01/Mike_Weir_golf_f_cm_np1_le_med_0.avi'],[571],tensor(327)
['A21/v_SkyDiving_g08_c04.avi'],[573],tensor(240)
['A23/v_Rowing_g17_c04.avi'],[571],tensor(327)
['A22/v_WalkingWithDog_g02_c01.avi'],[250],tensor(212)
['A17/v_TennisSwing_g03_c03.avi'],[521],tensor(499)
['A06/20060723sfjffdabaum_stand_u_nm_np1_fr_med_1.avi'],[250],tensor(88)
['A06/Crash_stand_u_nm_np1_ri_med_23.avi'],[252],tensor(94)
['A25/v_SkateBoarding_g22_c02.avi'],[571],tensor(344)
['A05/HP_PRISONER_OF_AZKABAN_run_f_cm_np1_le_bad_35.avi'],[573],tensor(545)
['A02/RETURN_OF_THE_KING_walk_f_nm_np1_ba_med_14.avi'],[250],tensor(239)
['A21/v_SkyDiving_g24_c04.avi'],[572],tensor(244)
['A02/WeddingCrashers_walk_u_nm_np1_fr_med_1.avi'],[250],tensor(244)
['A16/v_Biking_g16_c03.avi'],[573],tensor(401)
['A11/person13_jogging_d1_s1.avi'],[573],tensor(486)
['A26/v_JumpingJack_g03_c03.avi'],[573],tensor(576)
['A27/v_BodyWeightSquats_g03_c04.avi'],[571],tensor(387)
['A06/IamLegend_stand_f_cm_np1_ri_med_23.avi'],[251],tensor(91)
['A07/Micah_Lacerte_Running_Stairs___Great_cardio_for_fat_loss_climb_stairs_f_cm_np1_ba_med_4.avi'],[573],tensor(272)
['A18/v_RockClimbingIndoor_g12_c05.avi'],[252],tensor(423)
['A08/Nike_Soccer_Freestyle_kick_ball_f_cm_np1_ba_med_1.avi'],[571],tensor(547)
['A20/v_TaiChi_g01_c04.avi'],[571],tensor(205)
['A10/person13_boxing_d1_s3.avi'],[396],tensor(396)
['A18/v_RockClimbingIndoor_g20_c03.avi'],[572],tensor(422)
['A10/person11_boxing_d1_s2.avi'],[396],tensor(383)
['A18/v_RockClimbingIndoor_g03_c03.avi'],[572],tensor(400)
['A01/Na_Yeon_Choi_practice_1_golf_f_nm_np1_ri_goo_2.avi'],[571],tensor(329)
['A20/v_TaiChi_g15_c01.avi'],[216],tensor(205)
['A27/v_BodyWeightSquats_g18_c03.avi'],[358],tensor(394)
['A02/TheLastManOnearth_walk_f_cm_np1_fr_med_36.avi'],[250],tensor(240)
['A27/v_BodyWeightSquats_g07_c04.avi'],[396],tensor(374)
['A05/Wayne_Rooney_At_Home_Funny_Must_See_run_f_cm_np1_le_med_2.avi'],[571],tensor(549)
['A19/v_FrisbeeCatch_g19_c06.avi'],[571],tensor(206)
['A12/v_JumpRope_g08_c01.avi'],[396],tensor(866)
['A17/v_TennisSwing_g09_c07.avi'],[396],tensor(501)
['A26/v_JumpingJack_g11_c03.avi'],[360],tensor(528)
['A22/v_WalkingWithDog_g07_c01.avi'],[573],tensor(206)
['A22/v_WalkingWithDog_g11_c01.avi'],[216],tensor(207)
['A27/v_BodyWeightSquats_g06_c05.avi'],[360],tensor(387)
['A12/v_JumpRope_g02_c04.avi'],[396],tensor(860)
['A14/v_Bowling_g20_c06.avi'],[571],tensor(214)
['A08/Amazing_Soccer_#2_kick_ball_f_cm_np1_fr_bad_3.avi'],[573],tensor(544)
['A05/TheLastManOnearth_run_f_cm_np1_ba_med_39.avi'],[252],tensor(546)
['A12/v_JumpRope_g21_c06.avi'],[396],tensor(846)
['A02/happy_go_lovely_walk_f_nm_np1_fr_med_18.avi'],[571],tensor(238)
['A17/v_TennisSwing_g03_c01.avi'],[396],tensor(498)
['A05/Two_Towers_1_run_f_cm_np3_ba_med_1.avi'],[571],tensor(548)
['A22/v_WalkingWithDog_g08_c03.avi'],[573],tensor(213)
['A18/v_RockClimbingIndoor_g14_c04.avi'],[572],tensor(396)
['A24/v_Skiing_g18_c04.avi'],[573],tensor(476)
['A09/Oceans11_punch_u_nm_np1_fr_med_9.avi'],[571],tensor(893)
['A18/v_RockClimbingIndoor_g19_c01.avi'],[572],tensor(398)
['A18/v_RockClimbingIndoor_g04_c03.avi'],[573],tensor(396)
['A12/v_JumpRope_g11_c04.avi'],[396],tensor(846)
['A17/v_TennisSwing_g19_c03.avi'],[573],tensor(508)
['A10/person16_boxing_d4_s4.avi'],[396],tensor(389)
['A17/v_TennisSwing_g10_c03.avi'],[521],tensor(499)
['A07/Micah_Lacerte_Running_Stairs___Great_cardio_for_fat_loss_climb_stairs_f_cm_np1_fr_med_1.avi'],[360],tensor(274)
['A19/v_FrisbeeCatch_g10_c05.avi'],[571],tensor(209)
['A11/person14_jogging_d3_s2.avi'],[573],tensor(482)
['A22/v_WalkingWithDog_g19_c01.avi'],[573],tensor(213)
['A02/Hitch_Part_1_walk_u_cm_np1_le_med_4.avi'],[571],tensor(241)
['A21/v_SkyDiving_g09_c03.avi'],[252],tensor(248)
['A22/v_WalkingWithDog_g09_c01.avi'],[571],tensor(206)
['A14/v_Bowling_g13_c02.avi'],[572],tensor(204)
['A01/Tiger_Woods_AMAZING_Shots_golf_f_cm_np1_ri_med_0.avi'],[571],tensor(327)
['A26/v_JumpingJack_g22_c03.avi'],[396],tensor(523)
['A15/v_Basketball_g02_c04.avi'],[571],tensor(459)
['A25/v_SkateBoarding_g14_c03.avi'],[573],tensor(349)
['A17/v_TennisSwing_g05_c07.avi'],[359],tensor(498)
['A12/v_JumpRope_g23_c03.avi'],[571],tensor(863)
['A27/v_BodyWeightSquats_g23_c03.avi'],[396],tensor(376)
['A25/v_SkateBoarding_g08_c05.avi'],[347],tensor(352)
['A13/v_PushUps_g03_c01.avi'],[572],tensor(545)
['A10/person14_boxing_d2_s2.avi'],[521],tensor(383)
['A25/v_SkateBoarding_g04_c05.avi'],[359],tensor(341)
['A18/v_RockClimbingIndoor_g12_c02.avi'],[572],tensor(402)
['A27/v_BodyWeightSquats_g15_c03.avi'],[521],tensor(375)
['A02/AboutABoy_walk_f_nm_np1_le_med_5.avi'],[573],tensor(238)
['A07/H_I_I_T__Swamis_stairs_with_Max_Wettstein_featuring_Donna_Wettstein_climb_stairs_f_cm_np1_fr_med_8.avi'],[571],tensor(278)
['A15/v_Basketball_g20_c04.avi'],[358],tensor(446)
['A27/v_BodyWeightSquats_g07_c03.avi'],[396],tensor(376)
['A05/Return_of_the_King_4_run_f_cm_np1_ri_med_5.avi'],[572],tensor(544)
['A14/v_Bowling_g19_c02.avi'],[573],tensor(205)
['A02/Veoh_Alpha_Dog_1_walk_f_cm_np2_fr_med_56.avi'],[571],tensor(239)
['A22/v_WalkingWithDog_g09_c03.avi'],[571],tensor(210)
['A14/v_Bowling_g05_c02.avi'],[571],tensor(207)
['A02/NoCountryForOldMen_walk_f_cm_np1_ri_med_5.avi'],[573],tensor(238)
['A15/v_Basketball_g05_c04.avi'],[571],tensor(442)
['A07/Stairway_to_fitness_climb_stairs_f_nm_np1_fr_med_1.avi'],[572],tensor(278)
['A07/Empire_State_Building_Run-Up_climb_stairs_f_cm_np1_ba_med_3.avi'],[573],tensor(275)
['A11/person15_jogging_d2_s3.avi'],[573],tensor(487)
['A21/v_SkyDiving_g25_c02.avi'],[571],tensor(239)
['A14/v_Bowling_g21_c03.avi'],[216],tensor(216)
['A02/TheLastManOnearth_walk_u_nm_np1_fr_med_55.avi'],[250],tensor(239)
['A13/v_PushUps_g24_c02.avi'],[572],tensor(546)
['A26/v_JumpingJack_g05_c01.avi'],[396],tensor(529)
['A08/Der_f_nfte_Spieltag_kick_ball_f_cm_np2_le_med_1.avi'],[216],tensor(543)
['A06/prelinger_ControlY1950_stand_f_nm_np1_fr_med_14.avi'],[571],tensor(88)
['A20/v_TaiChi_g21_c01.avi'],[571],tensor(209)
['A03/Superbad_eat_u_nm_np1_fr_goo_1.avi'],[250],tensor(103)
['A03/Return_of_the_King_5_eat_u_nm_np1_le_med_4.avi'],[250],tensor(102)
['A22/v_WalkingWithDog_g08_c05.avi'],[571],tensor(205)
['A02/MeettheParents_walk_u_nm_np1_fr_med_6.avi'],[251],tensor(240)
['A10/person16_boxing_d1_s2.avi'],[396],tensor(384)
['A11/person13_jogging_d1_s4.avi'],[573],tensor(485)
['A02/prelinger_LetsPlay1949_walk_u_cm_np2_le_med_0.avi'],[252],tensor(241)
['A01/Miyazato_Ai_golf_f_cm_np1_fr_med_0.avi'],[358],tensor(329)
['A11/person18_jogging_d4_s2.avi'],[573],tensor(494)
['A05/Fellowship_6_run_f_cm_np1_fr_med_8.avi'],[573],tensor(544)
['A06/TheLastManOnearth_stand_u_nm_np1_ri_bad_8.avi'],[571],tensor(88)
['A16/v_Biking_g01_c03.avi'],[573],tensor(394)
['A18/v_RockClimbingIndoor_g05_c06.avi'],[573],tensor(401)
['A23/v_Rowing_g24_c03.avi'],[571],tensor(326)
['A25/v_SkateBoarding_g17_c01.avi'],[573],tensor(359)
['A02/Catch_Me_If_You_Can_walk_u_cm_np1_fr_med_1.avi'],[250],tensor(250)
['A23/v_Rowing_g13_c06.avi'],[572],tensor(343)
['A16/v_Biking_g21_c07.avi'],[572],tensor(406)
['A21/v_SkyDiving_g07_c04.avi'],[571],tensor(241)
['A10/person17_boxing_d1_s4.avi'],[396],tensor(381)
['A12/v_JumpRope_g25_c04.avi'],[396],tensor(859)
['A19/v_FrisbeeCatch_g08_c04.avi'],[573],tensor(225)
['A24/v_Skiing_g20_c04.avi'],[573],tensor(477)
['A18/v_RockClimbingIndoor_g01_c04.avi'],[251],tensor(401)
['A25/v_SkateBoarding_g23_c02.avi'],[571],tensor(348)
['A06/Fellowship_3_stand_f_cm_np1_fr_bad_2.avi'],[251],tensor(89)
['A27/v_BodyWeightSquats_g21_c02.avi'],[360],tensor(374)
['A15/v_Basketball_g21_c04.avi'],[571],tensor(442)
['A13/v_PushUps_g02_c01.avi'],[571],tensor(549)
['A20/v_TaiChi_g02_c02.avi'],[360],tensor(205)
['A11/person12_jogging_d2_s2.avi'],[573],tensor(479)
['A27/v_BodyWeightSquats_g20_c02.avi'],[360],tensor(378)
['A26/v_JumpingJack_g13_c03.avi'],[396],tensor(527)
['A14/v_Bowling_g22_c05.avi'],[573],tensor(207)
['A11/person11_jogging_d4_s4.avi'],[573],tensor(503)
['A04/The_Departed_-_Part_2_sit_u_nm_np1_fr_goo_1.avi'],[572],tensor(94)
['A19/v_FrisbeeCatch_g14_c02.avi'],[216],tensor(206)
['A10/person17_boxing_d2_s1.avi'],[396],tensor(381)
['A23/v_Rowing_g11_c06.avi'],[571],tensor(333)
['A19/v_FrisbeeCatch_g22_c05.avi'],[571],tensor(217)
['A13/v_PushUps_g04_c04.avi'],[571],tensor(545)
['A01/Ben_Hogan_Swing_golf_f_nm_np1_ri_med_0.avi'],[345],tensor(327)
['A05/BLACK_HAWK_DOWN_run_f_cm_np1_le_med_21.avi'],[572],tensor(550)
['A02/IamLegend_walk_l_nm_np1_ba_med_5.avi'],[250],tensor(243)
['A11/person15_jogging_d4_s1.avi'],[573],tensor(502)
['A24/v_Skiing_g02_c01.avi'],[573],tensor(480)
['A06/AmericanGangster_stand_u_nm_np1_fr_bad_51.avi'],[250],tensor(89)
['A17/v_TennisSwing_g02_c04.avi'],[571],tensor(515)
['A04/TheBoondockSaints_sit_u_nm_np10_ba_med_0.avi'],[250],tensor(92)
['A27/v_BodyWeightSquats_g01_c04.avi'],[521],tensor(377)
['A01/9_Iron_From_160_Yards_golf_f_cm_np1_ri_goo_0.avi'],[347],tensor(326)
['A25/v_SkateBoarding_g22_c03.avi'],[571],tensor(345)
['A02/Narcotic19672256kb_walk_f_cm_np1_ri_med_1.avi'],[250],tensor(240)
['A07/How_to_walk_in_high_heels_stilettos_up_and_down_stairs_climb_stairs_l_cm_np2_ri_med_0.avi'],[573],tensor(286)
['A06/DONNIE_DARKO_stand_f_nm_np1_ri_med_2.avi'],[572],tensor(89)
['A21/v_SkyDiving_g09_c01.avi'],[573],tensor(240)
['A23/v_Rowing_g07_c02.avi'],[571],tensor(326)
['A16/v_Biking_g02_c06.avi'],[573],tensor(398)
['A09/AdvancedBoxingTechniquesandExercises_punch_u_nm_np1_fr_med_12.avi'],[571],tensor(876)
['A17/v_TennisSwing_g21_c06.avi'],[358],tensor(499)
['A20/v_TaiChi_g17_c03.avi'],[571],tensor(220)
['A02/Panic_in_the_Streets_walk_u_cm_np1_fr_med_3.avi'],[251],tensor(239)
['A11/person14_jogging_d3_s4.avi'],[573],tensor(484)
['A05/The_Matrix_6_run_f_nm_np1_fr_med_7.avi'],[571],tensor(545)
['A13/v_PushUps_g24_c04.avi'],[572],tensor(547)
['A12/v_JumpRope_g06_c04.avi'],[521],tensor(841)
['A02/NOVA_ELEGANTUNIVERSE3_walk_f_nm_np1_ba_med_1.avi'],[571],tensor(238)
['A25/v_SkateBoarding_g11_c04.avi'],[571],tensor(350)
['A23/v_Rowing_g04_c04.avi'],[571],tensor(327)
['A10/person16_boxing_d1_s3.avi'],[396],tensor(386)
['A16/v_Biking_g14_c04.avi'],[572],tensor(396)
['A23/v_Rowing_g08_c01.avi'],[571],tensor(327)
['A24/v_Skiing_g13_c01.avi'],[216],tensor(477)
['A21/v_SkyDiving_g11_c04.avi'],[252],tensor(242)
['A09/TheBoondockSaints_punch_u_nm_np1_le_bad_37.avi'],[252],tensor(881)
['A21/v_SkyDiving_g03_c05.avi'],[573],tensor(246)
['A07/GuardiansOfO256kb_climb_stairs_f_cm_np1_ba_med_0.avi'],[572],tensor(276)
['A05/TrumanShow_run_f_nm_np1_le_med_11.avi'],[573],tensor(544)
['A14/v_Bowling_g23_c03.avi'],[571],tensor(207)
['A01/Ernie_Els_swing_close_up_golf_f_cm_np1_ri_goo_0.avi'],[571],tensor(329)
['A24/v_Skiing_g05_c01.avi'],[573],tensor(476)
['A23/v_Rowing_g04_c02.avi'],[571],tensor(327)
['A03/Return_of_the_King_5_eat_h_nm_np1_ri_goo_5.avi'],[250],tensor(103)
['A13/v_PushUps_g18_c03.avi'],[571],tensor(547)
['A22/v_WalkingWithDog_g15_c04.avi'],[571],tensor(205)
['A16/v_Biking_g23_c02.avi'],[573],tensor(418)
['A21/v_SkyDiving_g23_c04.avi'],[250],tensor(239)
['A22/v_WalkingWithDog_g25_c03.avi'],[214],tensor(208)
['A08/Britney_Spears_-_Comercial_Pepsi_soccer_kick_ball_f_nm_np1_ba_med_0.avi'],[573],tensor(574)
['A25/v_SkateBoarding_g02_c06.avi'],[571],tensor(370)
['A13/v_PushUps_g21_c02.avi'],[571],tensor(545)
['A25/v_SkateBoarding_g19_c05.avi'],[571],tensor(344)
['A05/RETURN_OF_THE_KING_run_f_cm_np1_fr_med_31.avi'],[250],tensor(546)
['A14/v_Bowling_g17_c03.avi'],[571],tensor(208)
['A19/v_FrisbeeCatch_g02_c03.avi'],[571],tensor(209)
['A10/person18_boxing_d2_s1.avi'],[396],tensor(388)
['A06/TheBoondockSaints_stand_u_nm_np1_ba_bad_38.avi'],[251],tensor(88)
['A17/v_TennisSwing_g19_c02.avi'],[522],tensor(498)
['A02/TrumanShow_walk_f_cm_np1_ba_med_5.avi'],[571],tensor(238)
['A15/v_Basketball_g25_c07.avi'],[358],tensor(442)
['A02/50_FIRST_DATES_walk_f_nm_np1_ri_med_5.avi'],[571],tensor(238)
['A16/v_Biking_g25_c02.avi'],[573],tensor(394)
['A09/The_Matrix_5_punch_u_cm_np1_le_med_15.avi'],[571],tensor(887)
['A17/v_TennisSwing_g25_c05.avi'],[521],tensor(499)
['A16/v_Biking_g10_c04.avi'],[573],tensor(398)
['A22/v_WalkingWithDog_g24_c03.avi'],[216],tensor(206)
['A02/AmericanGangster_walk_u_nm_np1_fr_med_31.avi'],[250],tensor(242)
['A02/AmericanGangster_walk_f_cm_np1_ri_bad_54.avi'],[250],tensor(245)
['A23/v_Rowing_g18_c04.avi'],[573],tensor(327)
['A05/TheLastManOnearth_run_f_nm_np1_ba_bad_40.avi'],[573],tensor(543)
['A02/Veoh_Alpha_Dog_1_walk_u_cm_np2_fr_med_14.avi'],[250],tensor(247)
['A08/DWK_1_-_Der_ganze_Film_(Part_8_9)_kick_ball_f_cm_np1_ba_goo_0.avi'],[573],tensor(550)
['A19/v_FrisbeeCatch_g04_c03.avi'],[216],tensor(206)
['A27/v_BodyWeightSquats_g24_c04.avi'],[360],tensor(395)
['A21/v_SkyDiving_g02_c03.avi'],[252],tensor(239)
['A13/v_PushUps_g13_c04.avi'],[571],tensor(549)
['A16/v_Biking_g23_c01.avi'],[573],tensor(423)
['A12/v_JumpRope_g05_c01.avi'],[396],tensor(885)
['A21/v_SkyDiving_g13_c03.avi'],[571],tensor(238)
['A13/v_PushUps_g21_c01.avi'],[571],tensor(545)
['A16/v_Biking_g22_c01.avi'],[573],tensor(417)
['A26/v_JumpingJack_g18_c01.avi'],[396],tensor(531)
['A06/Prelinger_LetYours1940_stand_f_nm_np1_fr_med_4.avi'],[250],tensor(89)
['A21/v_SkyDiving_g19_c01.avi'],[571],tensor(239)
['A02/IamLegend_walk_f_nm_np1_ba_med_9.avi'],[251],tensor(240)
['A24/v_Skiing_g24_c01.avi'],[360],tensor(478)
['A08/FC_Venus_-_Ausschnitt_Teil_2_kick_ball_f_cm_np1_fr_med_0.avi'],[571],tensor(562)
['A04/20060723sfjffsomelikeitwarmed_sit_u_nm_np1_fr_goo_1.avi'],[250],tensor(89)
['A05/THE_PROTECTOR_run_f_cm_np1_ri_med_70.avi'],[571],tensor(545)
['A12/v_JumpRope_g06_c02.avi'],[521],tensor(856)
['A08/Mean_Machine_2001_(Part_9)_kick_ball_l_cm_np2_ri_goo_2.avi'],[573],tensor(551)
['A04/Prelinger_FamilyLi1949_sit_f_cm_np1_fr_med_0.avi'],[571],tensor(88)
['A09/The_Matrix_5_punch_u_cm_np1_le_med_17.avi'],[250],tensor(881)
['A24/v_Skiing_g13_c07.avi'],[573],tensor(479)
['A02/likebeckam_walk_f_nm_np1_ba_med_9.avi'],[251],tensor(239)
['A27/v_BodyWeightSquats_g21_c03.avi'],[360],tensor(373)
['A01/Michelle_Wie_bombs_a_drive_golf_f_cm_np1_ba_med_0.avi'],[571],tensor(330)
['A19/v_FrisbeeCatch_g13_c02.avi'],[571],tensor(207)
['A16/v_Biking_g21_c05.avi'],[572],tensor(406)
['A14/v_Bowling_g24_c03.avi'],[571],tensor(207)
['A01/Ben_Hogan_Swing_golf_f_nm_np1_ri_med_2.avi'],[345],tensor(327)
['A08/FOOT_2009_(REMI_GAILLARD)_kick_ball_f_cm_np1_fr_bad_0.avi'],[571],tensor(544)
['A24/v_Skiing_g08_c03.avi'],[573],tensor(476)
['A04/TheLastManOnearth_sit_u_nm_np1_ri_med_5.avi'],[250],tensor(88)
['A18/v_RockClimbingIndoor_g06_c03.avi'],[572],tensor(417)
['A13/v_PushUps_g12_c01.avi'],[572],tensor(557)
['A07/H_I_I_T__Swamis_stairs_with_Max_Wettstein_featuring_Donna_Wettstein_climb_stairs_f_cm_np1_ba_med_5.avi'],[573],tensor(273)
['A25/v_SkateBoarding_g10_c07.avi'],[571],tensor(354)
['A17/v_TennisSwing_g25_c03.avi'],[358],tensor(498)
['A04/Eurotrip_sit_u_cm_np1_fr_med_0.avi'],[250],tensor(90)
['A12/v_JumpRope_g22_c04.avi'],[396],tensor(839)
['A01/Charles_Barkley_Golf_Swing_golf_f_cm_np1_ba_med_0.avi'],[571],tensor(337)
['A05/BLACK_HAWK_DOWN_run_f_cm_np1_ba_med_30.avi'],[573],tensor(548)
['A18/v_RockClimbingIndoor_g21_c06.avi'],[572],tensor(401)
['A14/v_Bowling_g08_c07.avi'],[572],tensor(225)
['A03/IamLegendII_eat_u_nm_np1_fr_med_5.avi'],[250],tensor(102)
['A19/v_FrisbeeCatch_g12_c01.avi'],[216],tensor(204)
['A11/person15_jogging_d4_s3.avi'],[573],tensor(499)
['A03/WeddingCrashers_eat_h_nm_np1_fr_goo_12.avi'],[250],tensor(104)
['A09/BoxingTipsHowtoBuildPunchingPower_punch_u_cm_np1_fr_med_3.avi'],[250],tensor(885)
['A10/person12_boxing_d4_s3.avi'],[396],tensor(406)
['A07/TheBoondockSaints_climb_stairs_f_cm_np3_ba_med_125.avi'],[251],tensor(281)
['A15/v_Basketball_g14_c01.avi'],[573],tensor(452)
['A22/v_WalkingWithDog_g17_c05.avi'],[216],tensor(211)
['A17/v_TennisSwing_g02_c02.avi'],[571],tensor(516)
['A19/v_FrisbeeCatch_g16_c04.avi'],[214],tensor(210)
['A14/v_Bowling_g09_c01.avi'],[571],tensor(212)
['A02/Veoh_Alpha_Dog_1_walk_f_nm_np1_ba_med_36.avi'],[573],tensor(239)
['A22/v_WalkingWithDog_g07_c05.avi'],[250],tensor(209)
['A21/v_SkyDiving_g10_c04.avi'],[571],tensor(249)
['A26/v_JumpingJack_g03_c04.avi'],[573],tensor(575)
['A02/20060723sfjffkillerskiss_walk_f_cm_np1_fr_med_1.avi'],[250],tensor(238)
['A19/v_FrisbeeCatch_g19_c04.avi'],[571],tensor(204)
['A02/CastAway2_walk_f_cm_np1_fr_med_3.avi'],[571],tensor(239)
['A14/v_Bowling_g14_c01.avi'],[572],tensor(208)
['A17/v_TennisSwing_g24_c03.avi'],[521],tensor(497)
['A13/v_PushUps_g07_c03.avi'],[571],tensor(549)
['A02/BATMAN_BEGINS_walk_f_cm_np1_fr_med_16.avi'],[571],tensor(241)
['A02/Veoh_Alpha_Dog_2_walk_f_cm_np4_fr_med_15.avi'],[250],tensor(240)
['A16/v_Biking_g01_c02.avi'],[572],tensor(395)
['A18/v_RockClimbingIndoor_g07_c07.avi'],[573],tensor(395)
['A09/50_FIRST_DATES_punch_f_nm_np1_ri_med_16.avi'],[571],tensor(874)
['A02/TheBoondockSaints_walk_f_cm_np2_ba_bad_18.avi'],[572],tensor(238)
['A26/v_JumpingJack_g10_c03.avi'],[360],tensor(543)
['A15/v_Basketball_g09_c02.avi'],[396],tensor(447)
['A06/happy_go_lovely_stand_u_nm_np1_fr_med_9.avi'],[250],tensor(89)
['A02/Shadow_of_a_Doubt_walk_f_cm_np1_fr_med_10.avi'],[571],tensor(239)
['A09/THE_PROTECTOR_punch_f_cm_np1_ba_med_49.avi'],[572],tensor(872)
['A02/CharlieAndTheChocolateFactory_walk_f_cm_np1_fr_med_14.avi'],[250],tensor(240)
['A06/American_History_X_stand_u_cm_np1_le_med_41.avi'],[250],tensor(89)
['A22/v_WalkingWithDog_g24_c05.avi'],[571],tensor(208)
['A02/Hitch_Part_2_walk_h_cm_np1_fr_med_3.avi'],[250],tensor(244)
['A24/v_Skiing_g13_c03.avi'],[216],tensor(479)
['A21/v_SkyDiving_g17_c05.avi'],[571],tensor(248)
['A04/50_FIRST_DATES_sit_f_cm_np1_fr_med_24.avi'],[250],tensor(91)
['A02/gangboy256kb_walk_f_nm_np1_fr_med_2.avi'],[573],tensor(241)
['A15/v_Basketball_g16_c03.avi'],[360],tensor(443)
['A27/v_BodyWeightSquats_g10_c03.avi'],[521],tensor(378)
['A26/v_JumpingJack_g13_c07.avi'],[396],tensor(526)
['A18/v_RockClimbingIndoor_g19_c03.avi'],[572],tensor(404)
['A21/v_SkyDiving_g01_c01.avi'],[572],tensor(243)
['A16/v_Biking_g23_c04.avi'],[573],tensor(395)
['A02/AgentCodyBanks_walk_f_nm_np1_fr_med_17.avi'],[573],tensor(239)
['A14/v_Bowling_g14_c04.avi'],[572],tensor(208)
['A07/BATMAN_BEGINS_climb_stairs_f_cm_np1_ba_bad_15.avi'],[572],tensor(291)
['A18/v_RockClimbingIndoor_g03_c02.avi'],[572],tensor(397)
['A22/v_WalkingWithDog_g20_c06.avi'],[573],tensor(209)
['A03/RETURN_OF_THE_KING_eat_u_nm_np1_ri_med_20.avi'],[250],tensor(103)
['A02/RATRACE_walk_f_nm_np1_fr_med_18.avi'],[360],tensor(239)
['A08/Der_f_nfte_Spieltag_kick_ball_f_cm_np1_ri_goo_2.avi'],[573],tensor(544)
['A25/v_SkateBoarding_g15_c03.avi'],[571],tensor(344)
['A05/Two_Towers_1_run_f_cm_np1_fr_med_3.avi'],[571],tensor(558)
['A11/person11_jogging_d1_s2.avi'],[573],tensor(493)
['A26/v_JumpingJack_g06_c07.avi'],[396],tensor(523)
['A01/Natalie_Gulbis_1_golf_f_cm_np1_le_med_1.avi'],[571],tensor(332)
['A02/MeettheFockers_walk_u_cm_np1_fr_goo_7.avi'],[250],tensor(244)
['A11/person12_jogging_d3_s1.avi'],[573],tensor(480)
['A02/HP_PRISONER_OF_AZKABAN_walk_f_nm_np1_ba_goo_6.avi'],[250],tensor(238)
['A02/The_Fugitive_3_walk_f_cm_np1_fr_med_8.avi'],[573],tensor(238)
['A24/v_Skiing_g24_c04.avi'],[573],tensor(484)
['A21/v_SkyDiving_g20_c05.avi'],[252],tensor(248)
['A21/v_SkyDiving_g01_c04.avi'],[252],tensor(239)
['A23/v_Rowing_g06_c03.avi'],[571],tensor(326)
['A20/v_TaiChi_g24_c04.avi'],[571],tensor(207)
['A15/v_Basketball_g07_c02.avi'],[573],tensor(442)
['A05/likebeckam_run_f_cm_np1_fr_med_30.avi'],[573],tensor(550)
['A15/v_Basketball_g18_c02.avi'],[571],tensor(488)
['A13/v_PushUps_g13_c03.avi'],[572],tensor(545)
['A15/v_Basketball_g15_c02.avi'],[573],tensor(445)
['A17/v_TennisSwing_g11_c01.avi'],[522],tensor(499)
['A02/happy_go_lovely_walk_f_cm_np1_fr_med_11.avi'],[251],tensor(239)
['A20/v_TaiChi_g02_c04.avi'],[521],tensor(206)
['A19/v_FrisbeeCatch_g23_c03.avi'],[216],tensor(212)
['A21/v_SkyDiving_g07_c05.avi'],[573],tensor(240)
['A11/person11_jogging_d4_s1.avi'],[573],tensor(501)
['A25/v_SkateBoarding_g08_c04.avi'],[347],tensor(347)
['A23/v_Rowing_g15_c05.avi'],[573],tensor(359)
['A14/v_Bowling_g15_c02.avi'],[571],tensor(205)
['A15/v_Basketball_g21_c05.avi'],[571],tensor(442)
['A02/WeddingCrashers_walk_u_nm_np1_fr_med_16.avi'],[250],tensor(243)
['A13/v_PushUps_g06_c02.avi'],[572],tensor(555)
['A20/v_TaiChi_g21_c02.avi'],[571],tensor(213)
['A24/v_Skiing_g22_c05.avi'],[501],tensor(481)
['A25/v_SkateBoarding_g13_c02.avi'],[571],tensor(352)
['A02/THE_PROTECTOR_walk_f_cm_np1_ba_med_27.avi'],[250],tensor(240)
['A15/v_Basketball_g25_c03.avi'],[573],tensor(446)
['A16/v_Biking_g24_c02.avi'],[572],tensor(408)
['A18/v_RockClimbingIndoor_g16_c01.avi'],[572],tensor(396)
['A16/v_Biking_g12_c01.avi'],[572],tensor(404)
['A27/v_BodyWeightSquats_g12_c03.avi'],[358],tensor(377)
['A21/v_SkyDiving_g13_c04.avi'],[250],tensor(238)
['A23/v_Rowing_g19_c06.avi'],[571],tensor(328)
['A17/v_TennisSwing_g08_c05.avi'],[359],tensor(500)
['A25/v_SkateBoarding_g16_c04.avi'],[573],tensor(364)
['A15/v_Basketball_g25_c06.avi'],[571],tensor(442)
['A15/v_Basketball_g06_c03.avi'],[573],tensor(443)
['A21/v_SkyDiving_g25_c04.avi'],[571],tensor(239)
['A11/person11_jogging_d4_s2.avi'],[573],tensor(525)
['A15/v_Basketball_g10_c03.avi'],[573],tensor(446)
['A14/v_Bowling_g06_c04.avi'],[571],tensor(206)
['A14/v_Bowling_g24_c04.avi'],[216],tensor(204)
['A07/TheBoondockSaints_climb_stairs_u_cm_np2_ba_med_30.avi'],[571],tensor(285)
['A02/prelinger_LetsBeGo1953_walk_f_cm_np2_ri_med_5.avi'],[250],tensor(245)
['A12/v_JumpRope_g25_c05.avi'],[396],tensor(856)
['A16/v_Biking_g10_c06.avi'],[573],tensor(398)
['A22/v_WalkingWithDog_g16_c05.avi'],[571],tensor(222)
['A26/v_JumpingJack_g23_c01.avi'],[396],tensor(529)
['A03/RETURN_OF_THE_KING_eat_h_nm_np1_ri_bad_17.avi'],[252],tensor(103)
['A04/BATMAN_BEGINS_sit_u_cm_np1_ba_med_10.avi'],[250],tensor(89)
['A21/v_SkyDiving_g14_c01.avi'],[571],tensor(240)
['A05/Fellowship_7_run_u_cm_np1_fr_med_5.avi'],[252],tensor(550)
['A08/LONGESTYARD_kick_ball_f_cm_np1_fr_bad_30.avi'],[573],tensor(565)
['A25/v_SkateBoarding_g09_c04.avi'],[573],tensor(350)
['A05/A_Beautiful_Mind_5_run_f_nm_np1_fr_bad_6.avi'],[573],tensor(543)
['A18/v_RockClimbingIndoor_g23_c02.avi'],[571],tensor(401)
['A15/v_Basketball_g12_c05.avi'],[396],tensor(470)
['A23/v_Rowing_g10_c01.avi'],[571],tensor(328)
['A17/v_TennisSwing_g02_c06.avi'],[571],tensor(517)
['A05/APOCALYPTO_run_u_nm_np1_fr_med_3.avi'],[250],tensor(578)
['A06/SweeneyTodd_stand_f_cm_np1_ri_med_33.avi'],[251],tensor(88)
['A24/v_Skiing_g09_c06.avi'],[573],tensor(483)
['A03/The_Departed_-_Part_1_eat_h_nm_np1_fr_goo_4.avi'],[250],tensor(105)
['A14/v_Bowling_g24_c02.avi'],[571],tensor(205)
['A22/v_WalkingWithDog_g21_c03.avi'],[216],tensor(205)
['A08/Dhan_Dhana_Dhan_Goal_(2007)_w__Eng_Sub_-_Watch_Online_-_3_16_kick_ball_f_cm_np1_le_med_2.avi'],[216],tensor(549)
['A10/person11_boxing_d2_s3.avi'],[396],tensor(382)
['A23/v_Rowing_g14_c04.avi'],[572],tensor(327)
['A24/v_Skiing_g06_c06.avi'],[573],tensor(480)
['A02/Veoh_Alpha_Dog_1_walk_f_nm_np2_ba_med_55.avi'],[250],tensor(241)
['A09/PracticingBoxingonaDoubleEndBag-LeadRightwithaHook_punch_u_nm_np1_fr_med_9.avi'],[571],tensor(883)
['A02/EverythingisIlluminated_walk_f_nm_np1_le_med_0.avi'],[250],tensor(239)
['A14/v_Bowling_g25_c04.avi'],[573],tensor(210)
['A03/RATRACE_eat_h_nm_np1_fr_goo_12.avi'],[250],tensor(102)
['A15/v_Basketball_g19_c05.avi'],[571],tensor(443)
['A04/The_House_on_Haunted_Hill_sit_u_cm_np1_fr_med_17.avi'],[250],tensor(89)
['A03/ChildrenOfMen_eat_u_cm_np1_fr_med_3.avi'],[250],tensor(102)
['A14/v_Bowling_g08_c01.avi'],[571],tensor(216)
['A08/Banned_Commercials_-_Nike_-_Soccer_vs_ninjas_kick_ball_f_cm_np1_ri_med_4.avi'],[573],tensor(557)
['A14/v_Bowling_g06_c05.avi'],[573],tensor(207)
['A25/v_SkateBoarding_g18_c04.avi'],[571],tensor(351)
['A03/CastAway1_eat_u_nm_np2_fr_goo_6.avi'],[250],tensor(103)
['A27/v_BodyWeightSquats_g23_c02.avi'],[396],tensor(377)
['A07/H_I_I_T__Swamis_stairs_with_Max_Wettstein_featuring_Donna_Wettstein_climb_stairs_f_cm_np1_ba_med_7.avi'],[572],tensor(274)
['A03/Return_of_the_King_5_eat_h_nm_np1_fr_goo_6.avi'],[250],tensor(103)
['A17/v_TennisSwing_g02_c01.avi'],[571],tensor(512)
['A02/likebeckam_walk_f_cm_np1_fr_med_27.avi'],[250],tensor(238)
['A23/v_Rowing_g23_c05.avi'],[571],tensor(327)
['A24/v_Skiing_g20_c03.avi'],[573],tensor(476)
['A19/v_FrisbeeCatch_g24_c03.avi'],[216],tensor(205)
['A06/EVOLUTION_stand_f_cm_np1_ri_med_10.avi'],[250],tensor(89)
['A11/person18_jogging_d1_s3.avi'],[573],tensor(492)
['A24/v_Skiing_g07_c02.avi'],[573],tensor(477)
['A17/v_TennisSwing_g03_c06.avi'],[521],tensor(498)
['A14/v_Bowling_g03_c05.avi'],[572],tensor(211)
['A05/nameunknown256kb_run_f_cm_np1_fr_med_3.avi'],[571],tensor(546)
['A19/v_FrisbeeCatch_g12_c05.avi'],[571],tensor(210)
['A06/Narcotic1967256kb_stand_f_cm_np1_le_med_1.avi'],[250],tensor(90)
['A26/v_JumpingJack_g01_c06.avi'],[396],tensor(524)
['A10/person18_boxing_d3_s3.avi'],[396],tensor(394)
['A11/person15_jogging_d4_s2.avi'],[573],tensor(489)
['A04/LONGESTYARD_sit_u_nm_np1_ba_med_8.avi'],[571],tensor(89)
['A06/EverythingisIlluminated_stand_f_nm_np1_le_med_2.avi'],[571],tensor(89)
['A20/v_TaiChi_g16_c01.avi'],[216],tensor(205)
['A04/AmericanGangster_sit_u_cm_np1_le_med_61.avi'],[252],tensor(90)
['A20/v_TaiChi_g25_c04.avi'],[216],tensor(206)
['A06/EVOLUTION_stand_f_nm_np1_le_med_15.avi'],[250],tensor(90)
['A23/v_Rowing_g09_c01.avi'],[571],tensor(331)
['A02/20060723sfjffsomelikeitwarmed_walk_f_cm_np1_ba_med_0.avi'],[571],tensor(240)
['A16/v_Biking_g10_c01.avi'],[573],tensor(399)
['A16/v_Biking_g25_c04.avi'],[573],tensor(397)
['A02/The_House_on_Haunted_Hill_walk_u_cm_np1_fr_med_14.avi'],[250],tensor(248)
['A14/v_Bowling_g07_c05.avi'],[571],tensor(210)
['A07/Running_Up_Stairs_climb_stairs_l_nm_np1_ba_med_0.avi'],[571],tensor(281)
['A08/FOOT_2009_(REMI_GAILLARD)_kick_ball_f_cm_np1_fr_bad_4.avi'],[571],tensor(543)
['A09/THE_PROTECTOR_punch_u_cm_np1_ba_med_82.avi'],[571],tensor(883)
['A18/v_RockClimbingIndoor_g22_c05.avi'],[572],tensor(396)
['A03/The_Departed_-_Part_1_eat_u_nm_np1_le_goo_0.avi'],[250],tensor(103)
['A04/HP_PRISONER_OF_AZKABAN_sit_f_cm_np1_le_bad_16.avi'],[250],tensor(88)
['A07/Outdoor_Agility_Training_-_Outdoor_Stair_Run_Drill_for_Agility_climb_stairs_f_cm_np1_ba_med_2.avi'],[360],tensor(272)
['A02/CharlieAndTheChocolateFactory_walk_f_nm_np1_fr_med_20.avi'],[250],tensor(238)
['A02/Man_Who_Cheated_Himself_512kb_walk_u_nm_np1_ba_med_1.avi'],[250],tensor(239)
['A02/TrumanShow_walk_f_nm_np1_le_med_4.avi'],[571],tensor(241)
['A12/v_JumpRope_g11_c06.avi'],[396],tensor(841)
['A13/v_PushUps_g03_c03.avi'],[572],tensor(545)
['A08/FIFA_11_Gamescom-Trailer_kick_ball_f_cm_np1_ba_med_0.avi'],[571],tensor(549)
['A02/20060723sfjffsomelikeitwarmed_walk_f_nm_np1_ba_med_4.avi'],[250],tensor(240)
['A16/v_Biking_g02_c02.avi'],[252],tensor(400)
['A04/RETURN_OF_THE_KING_sit_f_nm_np1_le_bad_8.avi'],[250],tensor(88)
['A07/Intense_Cardio_Session-_Stairs_climb_stairs_f_cm_np1_ba_med_1.avi'],[501],tensor(272)
['A02/Shadow_of_a_Doubt_walk_u_cm_np1_ba_med_1.avi'],[250],tensor(242)
['A02/50_FIRST_DATES_walk_f_cm_np1_le_med_13.avi'],[573],tensor(238)
['A23/v_Rowing_g12_c02.avi'],[571],tensor(335)
['A15/v_Basketball_g09_c05.avi'],[521],tensor(442)
['A03/SweeneyTodd_eat_h_nm_np1_fr_goo_15.avi'],[250],tensor(104)
['A02/Oceans11_walk_f_cm_np1_fr_med_6.avi'],[250],tensor(254)
['A06/OldSchool_stand_f_nm_np1_fr_med_21.avi'],[250],tensor(90)
['A27/v_BodyWeightSquats_g12_c01.avi'],[358],tensor(383)
['A24/v_Skiing_g09_c03.avi'],[573],tensor(481)
['A14/v_Bowling_g01_c01.avi'],[571],tensor(212)
['A16/v_Biking_g07_c06.avi'],[572],tensor(403)
['A04/TheBoondockSaints_sit_u_cm_np1_le_med_15.avi'],[572],tensor(88)
['A21/v_SkyDiving_g15_c04.avi'],[252],tensor(249)
['A03/AMADEUS_eat_u_nm_np1_fr_med_5.avi'],[250],tensor(102)
['A10/person16_boxing_d3_s1.avi'],[360],tensor(385)
['A12/v_JumpRope_g18_c04.avi'],[396],tensor(851)
['A19/v_FrisbeeCatch_g20_c01.avi'],[571],tensor(207)
['A02/MeettheParents_walk_u_cm_np1_fr_med_9.avi'],[250],tensor(242)
['A05/BLACK_HAWK_DOWN_run_f_nm_np1_ba_med_31.avi'],[571],tensor(550)
['A23/v_Rowing_g03_c07.avi'],[571],tensor(327)
['A25/v_SkateBoarding_g10_c06.avi'],[571],tensor(343)
['A04/NoCountryForOldMen_sit_f_nm_np1_fr_goo_4.avi'],[250],tensor(93)
['A23/v_Rowing_g07_c04.avi'],[571],tensor(326)
['A09/PracticingBoxingonaDoubleEndBag-LeadRightwithaHook_punch_u_nm_np1_fr_med_0.avi'],[571],tensor(888)
['A15/v_Basketball_g17_c02.avi'],[360],tensor(448)
['A21/v_SkyDiving_g10_c01.avi'],[573],tensor(247)
['A18/v_RockClimbingIndoor_g20_c04.avi'],[571],tensor(416)
['A15/v_Basketball_g11_c04.avi'],[358],tensor(442)
['A16/v_Biking_g04_c04.avi'],[252],tensor(403)
['A23/v_Rowing_g07_c01.avi'],[571],tensor(326)
['A14/v_Bowling_g22_c03.avi'],[572],tensor(207)
['A06/SweeneyTodd_stand_u_cm_np1_fr_bad_38.avi'],[251],tensor(89)
['A09/BoxingTipsHowtoBuildPunchingPower_punch_u_cm_np1_fr_goo_1.avi'],[571],tensor(886)
['A12/v_JumpRope_g21_c05.avi'],[396],tensor(844)
['A22/v_WalkingWithDog_g21_c04.avi'],[573],tensor(209)
['A04/ThePerfectScore_sit_u_cm_np1_fr_med_2.avi'],[250],tensor(92)
['A18/v_RockClimbingIndoor_g24_c06.avi'],[573],tensor(394)
['A26/v_JumpingJack_g16_c03.avi'],[396],tensor(523)
['A19/v_FrisbeeCatch_g01_c05.avi'],[215],tensor(207)
['A02/Narcotic19672256kb_walk_f_cm_np1_fr_med_0.avi'],[250],tensor(240)
['A21/v_SkyDiving_g05_c02.avi'],[571],tensor(240)
['A23/v_Rowing_g02_c01.avi'],[571],tensor(328)
['A10/person17_boxing_d2_s2.avi'],[396],tensor(381)
['A25/v_SkateBoarding_g21_c01.avi'],[571],tensor(345)
['A16/v_Biking_g05_c07.avi'],[573],tensor(399)
['A10/person13_boxing_d2_s3.avi'],[396],tensor(385)
['A22/v_WalkingWithDog_g20_c07.avi'],[573],tensor(208)
['A20/v_TaiChi_g09_c03.avi'],[573],tensor(208)
['A03/LONGESTYARD_eat_h_cm_np1_ri_goo_23.avi'],[250],tensor(103)
['A10/person15_boxing_d1_s3.avi'],[396],tensor(378)
['A20/v_TaiChi_g17_c01.avi'],[571],tensor(210)
['A10/person11_boxing_d2_s1.avi'],[396],tensor(384)
['A27/v_BodyWeightSquats_g20_c05.avi'],[360],tensor(376)
['A26/v_JumpingJack_g24_c02.avi'],[396],tensor(529)
['A02/TheLastManOnearth_walk_f_nm_np1_fr_med_21.avi'],[250],tensor(238)
['A02/Narcotic19672256kb_walk_f_cm_np1_ri_med_2.avi'],[573],tensor(239)
['A21/v_SkyDiving_g10_c03.avi'],[571],tensor(245)
['A11/person18_jogging_d1_s2.avi'],[573],tensor(493)
['A01/Probably_the_best_golf_shot_in_the_world_ever!!!_golf_f_cm_np1_ba_med_0.avi'],[571],tensor(327)
['A09/The_Matrix_Revolutions_6_punch_u_nm_np2_ri_med_1.avi'],[572],tensor(883)
['A03/American_History_X_eat_h_nm_np1_fr_goo_47.avi'],[250],tensor(103)
['A05/BLACK_HAWK_DOWN_run_f_cm_np1_fr_med_10.avi'],[573],tensor(552)
['A19/v_FrisbeeCatch_g02_c04.avi'],[573],tensor(212)
['A13/v_PushUps_g10_c03.avi'],[571],tensor(555)
['A26/v_JumpingJack_g05_c06.avi'],[396],tensor(530)
['A19/v_FrisbeeCatch_g22_c01.avi'],[571],tensor(209)
['A16/v_Biking_g20_c03.avi'],[573],tensor(411)
['A14/v_Bowling_g16_c03.avi'],[573],tensor(207)
['A14/v_Bowling_g05_c03.avi'],[571],tensor(211)
['A20/v_TaiChi_g24_c01.avi'],[571],tensor(206)
['A15/v_Basketball_g11_c05.avi'],[360],tensor(442)
['A05/TrumanShow_run_f_nm_np1_ba_med_19.avi'],[573],tensor(549)
['A05/IamLegend_run_f_nm_np1_le_med_3.avi'],[571],tensor(550)
['A09/Veoh_Alpha_Dog_1_punch_f_nm_np1_ri_med_47.avi'],[252],tensor(894)
['A05/RushHour2_run_f_cm_np1_fr_bad_1.avi'],[252],tensor(548)
['A26/v_JumpingJack_g20_c03.avi'],[396],tensor(530)
['A15/v_Basketball_g18_c05.avi'],[573],tensor(473)
['A11/person12_jogging_d1_s1.avi'],[573],tensor(484)
['A01/Anna_Rawson_Lesson_side_by_side_golf_f_nm_np2_ba_goo_0.avi'],[571],tensor(329)
['A02/The_Departed_-_Part_2_walk_u_nm_np1_fr_med_2.avi'],[251],tensor(240)
['A18/v_RockClimbingIndoor_g15_c01.avi'],[573],tensor(401)
['A13/v_PushUps_g07_c02.avi'],[571],tensor(548)
['A25/v_SkateBoarding_g10_c02.avi'],[358],tensor(348)
['A01/Sergio_Garcia_-_Southern_Hills_#15_IRON_golf_f_cm_np1_ri_med_0.avi'],[571],tensor(340)
['A20/v_TaiChi_g07_c03.avi'],[571],tensor(206)
['A19/v_FrisbeeCatch_g02_c05.avi'],[216],tensor(208)
['A22/v_WalkingWithDog_g14_c02.avi'],[572],tensor(207)
['A02/Veoh_Alpha_Dog_1_walk_u_cm_np1_fr_med_13.avi'],[252],tensor(242)
['A04/SweeneyTodd_sit_u_nm_np1_le_med_20.avi'],[250],tensor(89)
['A23/v_Rowing_g05_c01.avi'],[571],tensor(327)
['A17/v_TennisSwing_g22_c05.avi'],[521],tensor(497)
['A12/v_JumpRope_g05_c03.avi'],[396],tensor(890)
['A18/v_RockClimbingIndoor_g16_c04.avi'],[572],tensor(397)
['A04/IamLegend_sit_u_cm_np1_ri_med_11.avi'],[571],tensor(89)
['A17/v_TennisSwing_g23_c04.avi'],[521],tensor(502)
['A10/person18_boxing_d3_s1.avi'],[396],tensor(398)
['A01/Golf_Swing_#6Iron_golf_f_cm_np1_fr_med_1.avi'],[521],tensor(327)
['A21/v_SkyDiving_g17_c01.avi'],[571],tensor(238)
['A13/v_PushUps_g23_c04.avi'],[572],tensor(546)
['A26/v_JumpingJack_g06_c04.avi'],[396],tensor(525)
['A25/v_SkateBoarding_g01_c03.avi'],[573],tensor(343)
['A16/v_Biking_g22_c02.avi'],[573],tensor(395)
['A24/v_Skiing_g15_c01.avi'],[573],tensor(480)
['A07/I_DO_NOT_Run_Up_Stairs_Like_A_GIRL_climb_stairs_l_cm_np1_ba_med_1.avi'],[360],tensor(279)
['A21/v_SkyDiving_g18_c01.avi'],[573],tensor(242)
['A06/20070723_sfjff_waitingforrescue_stand_u_cm_np1_fr_med_2.avi'],[252],tensor(89)
['A02/Shadow_of_a_Doubt_walk_u_cm_np1_ba_med_12.avi'],[250],tensor(243)
['A10/person14_boxing_d3_s4.avi'],[396],tensor(395)
['A22/v_WalkingWithDog_g16_c03.avi'],[573],tensor(213)
['A01/Ernie_Els_Swing__Big_easy!_golf_f_cm_np1_fr_med_0.avi'],[571],tensor(329)
['A02/EVOLUTION_walk_f_cm_np1_ba_med_12.avi'],[573],tensor(239)
['A17/v_TennisSwing_g20_c05.avi'],[522],tensor(498)
['A02/The_House_on_Haunted_Hill_walk_f_cm_np1_fr_med_9.avi'],[250],tensor(242)
['A19/v_FrisbeeCatch_g10_c04.avi'],[571],tensor(210)
['A24/v_Skiing_g20_c06.avi'],[573],tensor(480)
['A02/Crash_walk_f_cm_np1_le_med_7.avi'],[250],tensor(242)
['A02/21_walk_u_cm_np1_fr_bad_3.avi'],[250],tensor(244)
['A02/LivefreeorDieHard_walk_u_cm_np1_ba_med_0.avi'],[250],tensor(242)
['A14/v_Bowling_g06_c06.avi'],[571],tensor(205)
['A24/v_Skiing_g07_c03.avi'],[573],tensor(476)
['A12/v_JumpRope_g11_c03.avi'],[396],tensor(835)
['A06/BLACK_HAWK_DOWN_stand_u_cm_np1_fr_med_6.avi'],[250],tensor(92)
['A06/TheBoondockSaints_stand_u_cm_np3_fr_med_101.avi'],[252],tensor(93)
['A25/v_SkateBoarding_g17_c03.avi'],[571],tensor(360)
['A25/v_SkateBoarding_g24_c03.avi'],[571],tensor(341)
['A13/v_PushUps_g11_c02.avi'],[571],tensor(543)
['A02/CastAway1_walk_f_nm_np1_fr_med_10.avi'],[572],tensor(238)
['A02/AgriculturalAviation_walk_f_nm_np1_le_med_1.avi'],[252],tensor(238)
['A03/The_Departed_-_Part_1_eat_h_nm_np1_fr_goo_5.avi'],[250],tensor(103)
['A11/person16_jogging_d2_s1.avi'],[573],tensor(478)
['A24/v_Skiing_g12_c02.avi'],[573],tensor(483)
['A02/A_Beautiful_Mind_6_walk_u_cm_np1_fr_med_1.avi'],[250],tensor(241)
['A10/person18_boxing_d2_s4.avi'],[396],tensor(398)
['A02/AmericanGangster_walk_f_cm_np1_fr_bad_9.avi'],[572],tensor(240)
['A11/person16_jogging_d3_s3.avi'],[573],tensor(481)
['A05/American_History_X_run_f_nm_np1_fr_med_50.avi'],[251],tensor(565)
['A02/happy_go_lovely_walk_u_cm_np1_fr_med_6.avi'],[250],tensor(240)
['A09/OldSchool_punch_u_cm_np1_ba_bad_27.avi'],[250],tensor(897)
['A02/Finding_Forrester_1_walk_f_nm_np1_fr_bad_1.avi'],[250],tensor(240)
['A19/v_FrisbeeCatch_g21_c01.avi'],[216],tensor(217)
['A20/v_TaiChi_g05_c02.avi'],[216],tensor(210)
['A25/v_SkateBoarding_g06_c04.avi'],[571],tensor(348)
['A12/v_JumpRope_g07_c05.avi'],[571],tensor(847)
['A12/v_JumpRope_g09_c01.avi'],[396],tensor(850)
['A17/v_TennisSwing_g14_c01.avi'],[521],tensor(499)
['A22/v_WalkingWithDog_g13_c05.avi'],[572],tensor(204)
['A05/CastAway1_run_f_cm_np1_ri_med_2.avi'],[571],tensor(546)
['A11/person17_jogging_d2_s4.avi'],[573],tensor(481)
['A11/person15_jogging_d3_s2.avi'],[573],tensor(482)
['A26/v_JumpingJack_g09_c02.avi'],[396],tensor(531)
['A13/v_PushUps_g18_c01.avi'],[571],tensor(548)
['A12/v_JumpRope_g25_c06.avi'],[396],tensor(861)
['A10/person15_boxing_d2_s2.avi'],[396],tensor(382)
['A15/v_Basketball_g06_c04.avi'],[573],tensor(443)
['A26/v_JumpingJack_g10_c01.avi'],[573],tensor(544)
['A13/v_PushUps_g08_c02.avi'],[572],tensor(548)
['A18/v_RockClimbingIndoor_g20_c02.avi'],[573],tensor(413)
['A11/person13_jogging_d3_s2.avi'],[573],tensor(480)
['A17/v_TennisSwing_g04_c04.avi'],[521],tensor(498)
['A17/v_TennisSwing_g06_c02.avi'],[521],tensor(497)
['A17/v_TennisSwing_g04_c02.avi'],[360],tensor(499)
['A02/OldSchool_walk_f_nm_np1_ba_med_10.avi'],[250],tensor(239)
['A01/Golf_Tips_-_Hit_The_Driver_300+_Yards!!!_golf_f_nm_np1_fr_med_0.avi'],[347],tensor(328)
['A18/v_RockClimbingIndoor_g11_c03.avi'],[572],tensor(404)
['A14/v_Bowling_g21_c06.avi'],[216],tensor(207)
['A22/v_WalkingWithDog_g22_c04.avi'],[571],tensor(209)
['A20/v_TaiChi_g22_c02.avi'],[216],tensor(210)
['A05/BIG_FISH_run_f_cm_np1_fr_med_33.avi'],[571],tensor(550)
['A20/v_TaiChi_g13_c02.avi'],[216],tensor(205)
['A12/v_JumpRope_g07_c02.avi'],[573],tensor(872)
['A12/v_JumpRope_g20_c02.avi'],[396],tensor(846)
['A15/v_Basketball_g10_c01.avi'],[571],tensor(462)
['A18/v_RockClimbingIndoor_g15_c04.avi'],[572],tensor(396)
['A17/v_TennisSwing_g21_c01.avi'],[396],tensor(499)
['A13/v_PushUps_g19_c04.avi'],[571],tensor(546)
['A21/v_SkyDiving_g09_c02.avi'],[572],tensor(245)
['A02/TheLastManOnearth_walk_u_cm_np1_le_med_20.avi'],[250],tensor(239)
['A12/v_JumpRope_g15_c02.avi'],[396],tensor(845)
['A19/v_FrisbeeCatch_g05_c03.avi'],[571],tensor(209)
['A24/v_Skiing_g17_c01.avi'],[573],tensor(476)
['A15/v_Basketball_g21_c06.avi'],[571],tensor(442)
['A05/metacafe_coolsoccer_run_f_cm_np1_ba_med_1.avi'],[573],tensor(549)
['A17/v_TennisSwing_g09_c02.avi'],[521],tensor(502)
['A17/v_TennisSwing_g07_c03.avi'],[358],tensor(499)
['A01/Sergio_Garcia_golf_f_cm_np1_ri_med_1.avi'],[347],tensor(327)
['A05/KUNG_FU_HUSTLE_run_f_cm_np1_le_med_2.avi'],[572],tensor(556)
['A03/Oceans12_eat_h_nm_np1_fr_goo_4.avi'],[250],tensor(102)
['A21/v_SkyDiving_g18_c02.avi'],[573],tensor(240)
['A02/The_House_on_Haunted_Hill_walk_u_nm_np1_ba_med_10.avi'],[250],tensor(242)
['A04/ThePerfectScore_sit_u_cm_np1_fr_med_7.avi'],[250],tensor(91)
['A14/v_Bowling_g01_c03.avi'],[571],tensor(218)
['A18/v_RockClimbingIndoor_g10_c01.avi'],[572],tensor(411)
['A23/v_Rowing_g10_c06.avi'],[572],tensor(330)
['A17/v_TennisSwing_g01_c03.avi'],[396],tensor(498)
['A11/person12_jogging_d4_s4.avi'],[573],tensor(497)
['A03/The_Matrix_3_eat_h_nm_np1_fr_goo_12.avi'],[251],tensor(112)
['A15/v_Basketball_g01_c06.avi'],[571],tensor(445)
['A23/v_Rowing_g12_c03.avi'],[572],tensor(333)
['A04/IamLegend_sit_f_cm_np1_fr_med_21.avi'],[250],tensor(89)
['A06/StrangerThanFiction_stand_u_cm_np1_ri_med_0.avi'],[250],tensor(90)
['A10/person15_boxing_d2_s1.avi'],[396],tensor(383)
['A03/Oceans11_eat_u_cm_np1_fr_med_7.avi'],[250],tensor(103)
['A08/Nike_Soccer_Freestyle_kick_ball_f_cm_np1_fr_med_3.avi'],[571],tensor(545)
['A27/v_BodyWeightSquats_g14_c04.avi'],[521],tensor(378)
['A02/LONGESTYARD_walk_f_cm_np1_le_med_10.avi'],[571],tensor(242)
['A17/v_TennisSwing_g18_c03.avi'],[523],tensor(499)
['A14/v_Bowling_g24_c01.avi'],[571],tensor(206)
['A10/person15_boxing_d3_s1.avi'],[396],tensor(382)
['A23/v_Rowing_g23_c04.avi'],[571],tensor(332)
['A09/A_Beautiful_Mind_4_punch_h_nm_np1_ba_med_11.avi'],[571],tensor(890)
['A17/v_TennisSwing_g16_c02.avi'],[522],tensor(499)
['A02/BeforeNightFalls_walk_f_cm_np1_le_med_2.avi'],[571],tensor(239)
['A01/Davis_Love_III__Beautiful_swing!_golf_f_cm_np1_ri_med_0.avi'],[571],tensor(328)
['A02/UNREPEATABLE_walk_f_nm_np1_le_med_0.avi'],[573],tensor(238)
['A24/v_Skiing_g01_c05.avi'],[573],tensor(499)
['A01/Evian_Masters_Junior_Cup_Highlights_2009_golf_f_nm_np1_fr_goo_1.avi'],[571],tensor(331)
['A16/v_Biking_g16_c02.avi'],[572],tensor(404)
['A02/A_Beautiful_Mind_2_walk_f_cm_np1_fr_med_7.avi'],[250],tensor(240)
['A24/v_Skiing_g03_c05.avi'],[571],tensor(485)
['A02/50_FIRST_DATES_walk_f_cm_np1_le_med_28.avi'],[250],tensor(239)
['A14/v_Bowling_g18_c01.avi'],[571],tensor(214)
['A07/I_DO_NOT_Run_Up_Stairs_Like_A_GIRL_climb_stairs_l_cm_np1_ba_med_5.avi'],[360],tensor(275)
['A25/v_SkateBoarding_g01_c04.avi'],[573],tensor(340)
['A03/Pirates_3_eat_h_nm_np1_fr_goo_4.avi'],[250],tensor(103)
['A18/v_RockClimbingIndoor_g13_c02.avi'],[572],tensor(397)
['A03/CastAway2_eat_h_cm_np1_fr_goo_1.avi'],[251],tensor(109)
['A20/v_TaiChi_g01_c03.avi'],[571],tensor(204)
['A12/v_JumpRope_g24_c07.avi'],[396],tensor(853)
['A02/Veoh_Alpha_Dog_1_walk_f_nm_np1_fr_med_33.avi'],[571],tensor(238)
['A27/v_BodyWeightSquats_g17_c03.avi'],[360],tensor(384)
['A21/v_SkyDiving_g20_c04.avi'],[573],tensor(241)
['A08/Mean_Machine_2001_(Part_9)_kick_ball_f_cm_np3_ri_med_1.avi'],[573],tensor(551)
['A05/THE_PROTECTOR_run_u_cm_np1_le_med_1.avi'],[572],tensor(544)
['A18/v_RockClimbingIndoor_g25_c03.avi'],[572],tensor(394)
['A04/Oceans12_sit_h_cm_np1_le_goo_16.avi'],[250],tensor(91)
['A16/v_Biking_g24_c01.avi'],[573],tensor(397)
['A26/v_JumpingJack_g03_c01.avi'],[571],tensor(556)
['A07/Outdoor_Agility_Training_-_Outdoor_Stair_Run_Drill_for_Agility_climb_stairs_f_cm_np1_ba_med_1.avi'],[360],tensor(272)
['A27/v_BodyWeightSquats_g09_c07.avi'],[396],tensor(376)
['A18/v_RockClimbingIndoor_g06_c05.avi'],[573],tensor(435)
['A12/v_JumpRope_g06_c05.avi'],[521],tensor(847)
['A20/v_TaiChi_g11_c01.avi'],[216],tensor(205)
['A05/Faith_Rewarded_run_u_cm_np1_le_med_83.avi'],[572],tensor(569)
['A23/v_Rowing_g04_c06.avi'],[571],tensor(327)
['A01/Tiger_Woods_smokes_a_drive_golf_f_cm_np1_ri_med_0.avi'],[571],tensor(361)
['A27/v_BodyWeightSquats_g20_c04.avi'],[521],tensor(376)
['A15/v_Basketball_g19_c04.avi'],[571],tensor(444)
['A02/Return_of_the_King_5_walk_f_nm_np1_ba_med_1.avi'],[250],tensor(241)
['A05/Finding_Forrester_2_run_f_cm_np1_le_med_2.avi'],[571],tensor(547)
['A05/IamLegend_run_f_nm_np1_fr_med_13.avi'],[573],tensor(543)
['A05/Veoh_Alpha_Dog_1_run_f_cm_np3_ba_med_34.avi'],[571],tensor(556)
['A18/v_RockClimbingIndoor_g09_c03.avi'],[572],tensor(401)
['A07/TheLastManOnearth_climb_stairs_f_nm_np1_ba_med_56.avi'],[573],tensor(276)
['A12/v_JumpRope_g24_c05.avi'],[396],tensor(842)
['A22/v_WalkingWithDog_g04_c02.avi'],[216],tensor(210)
['A19/v_FrisbeeCatch_g19_c01.avi'],[216],tensor(206)
['A14/v_Bowling_g03_c04.avi'],[573],tensor(215)
['A06/RATRACE_stand_f_cm_np1_fr_med_36.avi'],[252],tensor(92)
['A14/v_Bowling_g23_c01.avi'],[216],tensor(207)
['A02/AmericanGangster_walk_f_nm_np1_fr_med_73.avi'],[571],tensor(239)
['A09/PracticingBoxingonaDoubleEndBag-LeadRightwithaHook_punch_u_nm_np1_fr_med_5.avi'],[571],tensor(882)
['A02/KUNG_FU_HUSTLE_walk_f_cm_np1_le_med_6.avi'],[251],tensor(240)
['A02/LittleChildren_walk_f_cm_np1_fr_med_3.avi'],[252],tensor(246)
['A27/v_BodyWeightSquats_g06_c01.avi'],[571],tensor(381)
['A26/v_JumpingJack_g13_c04.avi'],[396],tensor(526)
['A11/person15_jogging_d1_s1.avi'],[573],tensor(490)
['A12/v_JumpRope_g01_c04.avi'],[396],tensor(844)
['A23/v_Rowing_g08_c02.avi'],[571],tensor(327)
['A27/v_BodyWeightSquats_g07_c02.avi'],[521],tensor(377)
['A25/v_SkateBoarding_g01_c02.avi'],[571],tensor(345)
['A23/v_Rowing_g14_c06.avi'],[571],tensor(327)
['A25/v_SkateBoarding_g21_c02.avi'],[573],tensor(349)
['A22/v_WalkingWithDog_g18_c04.avi'],[214],tensor(205)
['A02/TrumanShow_walk_f_nm_np1_ri_med_9.avi'],[572],tensor(238)
['A19/v_FrisbeeCatch_g18_c05.avi'],[215],tensor(207)
['A23/v_Rowing_g25_c05.avi'],[571],tensor(328)
['A25/v_SkateBoarding_g02_c03.avi'],[571],tensor(345)
['A25/v_SkateBoarding_g07_c02.avi'],[571],tensor(362)
['A09/Glory_punch_u_cm_np1_ba_med_50.avi'],[571],tensor(874)
['A09/The_Matrix_5_punch_u_cm_np1_fr_med_18.avi'],[250],tensor(884)
['A26/v_JumpingJack_g06_c05.avi'],[396],tensor(525)
['A09/Two_Towers_3_punch_u_nm_np1_fr_bad_4.avi'],[250],tensor(881)
['A23/v_Rowing_g11_c01.avi'],[571],tensor(327)
['A11/person16_jogging_d1_s4.avi'],[573],tensor(480)
['A21/v_SkyDiving_g14_c02.avi'],[571],tensor(242)
['A02/TrumanShow_walk_f_cm_np1_le_med_2.avi'],[250],tensor(245)
['A06/SweeneyTodd_stand_f_nm_np1_fr_bad_24.avi'],[571],tensor(89)
['A05/Faith_Rewarded_run_f_cm_np1_le_med_16.avi'],[572],tensor(556)
['A24/v_Skiing_g04_c04.avi'],[573],tensor(477)
['A10/person13_boxing_d2_s2.avi'],[396],tensor(384)
['A18/v_RockClimbingIndoor_g02_c02.avi'],[251],tensor(399)
['A02/TheLastManOnearth_walk_f_cm_np1_ba_med_28.avi'],[573],tensor(238)
['A05/HP_PRISONER_OF_AZKABAN_run_f_cm_np1_fr_bad_31.avi'],[571],tensor(546)
['A25/v_SkateBoarding_g08_c02.avi'],[571],tensor(350)
['A18/v_RockClimbingIndoor_g15_c02.avi'],[572],tensor(396)
['A08/Lattenknaller_-_M_nner_wie_wir_(Teil_11)_kick_ball_f_cm_np1_fr_goo_0.avi'],[571],tensor(546)
['A02/TheLastManOnearth_walk_f_nm_np1_fr_med_53.avi'],[250],tensor(240)
['A03/Pirates_4_eat_h_nm_np1_fr_goo_3.avi'],[250],tensor(104)
['A02/Oceans11_walk_u_cm_np1_fr_med_1.avi'],[250],tensor(246)
['A17/v_TennisSwing_g15_c07.avi'],[521],tensor(501)
['A24/v_Skiing_g09_c05.avi'],[573],tensor(482)
['A19/v_FrisbeeCatch_g17_c03.avi'],[571],tensor(207)
['A18/v_RockClimbingIndoor_g18_c01.avi'],[572],tensor(405)
['A06/IamLegend_stand_f_nm_np1_fr_med_20.avi'],[572],tensor(89)
['A22/v_WalkingWithDog_g17_c02.avi'],[216],tensor(212)
['A10/person11_boxing_d2_s2.avi'],[396],tensor(378)
['A02/AmericanGangster_walk_f_cm_np1_fr_med_58.avi'],[252],tensor(239)
['A09/The_Matrix_4_punch_u_nm_np1_fr_bad_3.avi'],[572],tensor(883)
['A27/v_BodyWeightSquats_g14_c03.avi'],[521],tensor(378)
['A24/v_Skiing_g11_c04.avi'],[571],tensor(482)
['A02/TheLittleShopofHorrors_walk_u_cm_np1_ri_med_1.avi'],[250],tensor(240)
['A16/v_Biking_g16_c01.avi'],[572],tensor(404)
['A27/v_BodyWeightSquats_g05_c04.avi'],[571],tensor(409)
['A22/v_WalkingWithDog_g18_c01.avi'],[216],tensor(206)
['A10/person14_boxing_d1_s2.avi'],[396],tensor(393)
['A02/CasinoRoyale_walk_u_nm_np1_ba_med_2.avi'],[250],tensor(257)
['A19/v_FrisbeeCatch_g07_c05.avi'],[571],tensor(211)
['A24/v_Skiing_g12_c03.avi'],[573],tensor(500)
['A14/v_Bowling_g06_c03.avi'],[571],tensor(205)
['A20/v_TaiChi_g07_c04.avi'],[216],tensor(205)
['A19/v_FrisbeeCatch_g13_c01.avi'],[216],tensor(206)
['A02/AmericanGangster_walk_u_nm_np1_ba_med_56.avi'],[252],tensor(242)
['A08/Dhan_Dhana_Dhan_Goal_(2007)_w__Eng_Sub_-_Watch_Online_-_4_16_kick_ball_f_cm_np1_le_med_1.avi'],[573],tensor(566)
['A22/v_WalkingWithDog_g02_c03.avi'],[216],tensor(209)
['A10/person12_boxing_d3_s3.avi'],[396],tensor(404)
['A09/The_Fugitive_6_punch_u_cm_np1_ba_med_12.avi'],[571],tensor(886)
['A02/Panic_in_the_Streets_walk_u_cm_np1_fr_med_6.avi'],[250],tensor(242)
['A04/Panic_in_the_Streets_sit_f_nm_np1_le_med_7.avi'],[250],tensor(89)
['A02/TheBoondockSaints_walk_u_nm_np3_ba_bad_100.avi'],[573],tensor(243)
['A08/The_Damned_United___HQ___Clip_Two-_Be_The_Best_kick_ball_u_cm_np2_ri_goo_0.avi'],[571],tensor(556)
['A21/v_SkyDiving_g14_c04.avi'],[572],tensor(245)
['A14/v_Bowling_g10_c02.avi'],[571],tensor(205)
['A19/v_FrisbeeCatch_g10_c06.avi'],[571],tensor(210)
['A17/v_TennisSwing_g13_c02.avi'],[521],tensor(497)
['A11/person13_jogging_d2_s1.avi'],[573],tensor(478)
['A03/310ToYuma_eat_u_nm_np1_fr_med_4.avi'],[250],tensor(103)
['A19/v_FrisbeeCatch_g03_c03.avi'],[571],tensor(208)
['A15/v_Basketball_g20_c06.avi'],[360],tensor(444)
['A06/RomeEpisode1_stand_f_cm_np1_fr_med_0.avi'],[251],tensor(91)
['A07/Bruno_Walks_up_Stairs_-_Chicago_Dog_Training_-_We_can_teach_ANYTHING_to_a_dog!!!!_climb_stairs_f_cm_np1_fr_med_2.avi'],[250],tensor(282)
['A23/v_Rowing_g13_c03.avi'],[571],tensor(342)
['A15/v_Basketball_g18_c01.avi'],[571],tensor(477)
['A21/v_SkyDiving_g22_c03.avi'],[252],tensor(255)
['A26/v_JumpingJack_g08_c01.avi'],[571],tensor(553)
['A02/Two_Towers_5_walk_f_nm_np1_fr_bad_1.avi'],[571],tensor(238)
['A08/Mean_Machine_2001_(Part_9)_kick_ball_l_cm_np2_fr_med_3.avi'],[573],tensor(570)
['A04/TheBoondockSaints_sit_f_cm_np1_ri_med_42.avi'],[250],tensor(89)
['A02/AmericanGangster_walk_u_cm_np1_ri_med_24.avi'],[250],tensor(239)
['A17/v_TennisSwing_g25_c02.avi'],[358],tensor(499)
['A24/v_Skiing_g11_c02.avi'],[501],tensor(478)
['A02/TheLastManOnearth_walk_f_nm_np1_ba_med_26.avi'],[250],tensor(239)
['A06/Panic_in_the_Streets_stand_u_cm_np1_ba_bad_0.avi'],[250],tensor(90)
['A17/v_TennisSwing_g13_c01.avi'],[521],tensor(497)
['A02/The_Fugitive_6_walk_u_cm_np1_fr_med_6.avi'],[251],tensor(242)
['A18/v_RockClimbingIndoor_g11_c04.avi'],[572],tensor(404)
['A23/v_Rowing_g19_c02.avi'],[571],tensor(327)
['A20/v_TaiChi_g15_c03.avi'],[216],tensor(206)
['A14/v_Bowling_g23_c04.avi'],[571],tensor(207)
['A07/BIG_FISH_climb_stairs_f_nm_np1_fr_med_1.avi'],[573],tensor(276)
['A13/v_PushUps_g10_c04.avi'],[571],tensor(557)
['A19/v_FrisbeeCatch_g23_c04.avi'],[573],tensor(210)
['A23/v_Rowing_g03_c06.avi'],[571],tensor(327)
['A24/v_Skiing_g01_c06.avi'],[573],tensor(480)
['A14/v_Bowling_g21_c05.avi'],[573],tensor(205)
['A12/v_JumpRope_g19_c04.avi'],[396],tensor(854)
['A02/Veoh_Alpha_Dog_1_walk_f_nm_np1_ba_med_32.avi'],[573],tensor(243)
['A15/v_Basketball_g25_c05.avi'],[521],tensor(443)
['A06/AmericanGangster_stand_u_cm_np1_le_med_35.avi'],[250],tensor(90)
['A22/v_WalkingWithDog_g05_c03.avi'],[573],tensor(209)
['A09/PracticingBoxingonaDoubleEndBag-LeadRightwithaHook_punch_u_nm_np1_fr_med_14.avi'],[571],tensor(884)
['A22/v_WalkingWithDog_g20_c05.avi'],[573],tensor(209)
['A06/happy_go_lovely_stand_f_cm_np1_fr_med_19.avi'],[571],tensor(88)
['A18/v_RockClimbingIndoor_g22_c06.avi'],[572],tensor(397)
['A08/Der_f_nfte_Spieltag_kick_ball_f_cm_np2_ba_med_3.avi'],[216],tensor(544)
['A26/v_JumpingJack_g14_c03.avi'],[396],tensor(524)
['A19/v_FrisbeeCatch_g14_c05.avi'],[571],tensor(206)
['A08/Ribery_Torwandschiessen_Sportstudio_kick_ball_f_nm_np1_ba_med_10.avi'],[571],tensor(555)
['A08/Amazing_Soccer_#2_kick_ball_f_cm_np1_fr_bad_6.avi'],[571],tensor(561)
['A06/SweeneyTodd_stand_f_nm_np1_fr_bad_11.avi'],[571],tensor(89)
['A22/v_WalkingWithDog_g21_c01.avi'],[572],tensor(213)
['A14/v_Bowling_g25_c05.avi'],[573],tensor(210)
['A02/The_Fugitive_3_walk_f_cm_np1_ba_med_7.avi'],[571],tensor(241)
['A06/Fellowship_6_stand_u_cm_np1_fr_med_10.avi'],[250],tensor(89)
['A23/v_Rowing_g15_c04.avi'],[573],tensor(359)
['A17/v_TennisSwing_g10_c07.avi'],[359],tensor(507)
['A04/Finding_Forrester_2_sit_u_cm_np1_ri_bad_3.avi'],[572],tensor(88)
['A17/v_TennisSwing_g25_c06.avi'],[358],tensor(499)
['A05/EVOLUTION_run_f_nm_np2_fr_med_25.avi'],[572],tensor(546)
['A05/RATRACE_run_f_cm_np1_ri_med_20.avi'],[573],tensor(547)
['A23/v_Rowing_g22_c04.avi'],[571],tensor(327)
['A05/THE_PROTECTOR_run_f_cm_np1_ba_med_35.avi'],[571],tensor(545)
['A16/v_Biking_g13_c01.avi'],[573],tensor(398)
['A04/RATRACE_sit_f_cm_np1_ri_goo_33.avi'],[252],tensor(89)
['A24/v_Skiing_g19_c04.avi'],[571],tensor(488)
['A19/v_FrisbeeCatch_g06_c03.avi'],[571],tensor(208)
['A10/person18_boxing_d4_s1.avi'],[396],tensor(394)
['A02/TrumanShow_walk_f_nm_np1_fr_med_29.avi'],[571],tensor(243)
['A02/Panic_in_the_Streets_walk_u_nm_np1_fr_bad_10.avi'],[250],tensor(240)
['A05/The_Fugitive_2_run_f_cm_np1_fr_med_20.avi'],[573],tensor(545)
['A27/v_BodyWeightSquats_g08_c03.avi'],[347],tensor(374)
['A09/AdvancedBoxingTechniquesandExercises_punch_u_nm_np1_ri_med_10.avi'],[571],tensor(883)
['A17/v_TennisSwing_g10_c06.avi'],[521],tensor(500)
['A19/v_FrisbeeCatch_g13_c04.avi'],[216],tensor(209)
['A19/v_FrisbeeCatch_g24_c04.avi'],[214],tensor(208)
['A14/v_Bowling_g19_c07.avi'],[571],tensor(204)
['A24/v_Skiing_g14_c04.avi'],[573],tensor(479)
['A05/CastAway1_run_f_cm_np1_ri_med_3.avi'],[571],tensor(544)
['A27/v_BodyWeightSquats_g23_c04.avi'],[396],tensor(375)
['A20/v_TaiChi_g20_c03.avi'],[214],tensor(206)
['A09/BeginnerKyokushinKarateTechniques_punch_f_nm_np2_fr_med_2.avi'],[571],tensor(899)
['A05/EVOLUTION_run_f_cm_np1_ba_med_0.avi'],[252],tensor(562)
['A04/Crash_sit_u_nm_np1_le_goo_26.avi'],[252],tensor(94)
['A21/v_SkyDiving_g25_c03.avi'],[572],tensor(238)
['A04/WhatDreamsMayCome_sit_f_cm_np1_le_bad_3.avi'],[252],tensor(88)
['A23/v_Rowing_g11_c04.avi'],[345],tensor(326)
['A02/CastAway2_walk_f_cm_np1_fr_med_4.avi'],[250],tensor(250)
['A25/v_SkateBoarding_g07_c05.avi'],[347],tensor(345)
['A05/HP_PRISONER_OF_AZKABAN_run_f_nm_np1_fr_med_25.avi'],[572],tensor(544)
['A15/v_Basketball_g18_c04.avi'],[571],tensor(461)
['A14/v_Bowling_g16_c02.avi'],[571],tensor(204)
['A01/Angry_Female_Golfer_golf_f_cm_np1_fr_bad_0.avi'],[358],tensor(328)
['A14/v_Bowling_g12_c02.avi'],[216],tensor(206)
['A24/v_Skiing_g19_c02.avi'],[216],tensor(476)
['A05/TheBoondockSaints_run_f_cm_np1_ri_med_61.avi'],[571],tensor(561)
['A27/v_BodyWeightSquats_g01_c01.avi'],[521],tensor(381)
['A07/Empire_State_Building_Run-Up_climb_stairs_f_cm_np2_ba_med_2.avi'],[573],tensor(285)
['A17/v_TennisSwing_g20_c04.avi'],[522],tensor(499)
['A08/Das_Wunder_von_Bern_(Deutschland_2002_2003)_kick_ball_f_cm_np1_le_med_1.avi'],[571],tensor(552)
['A12/v_JumpRope_g20_c04.avi'],[396],tensor(847)
['A15/v_Basketball_g25_c02.avi'],[358],tensor(443)
['A21/v_SkyDiving_g05_c05.avi'],[572],tensor(244)
['A22/v_WalkingWithDog_g16_c02.avi'],[216],tensor(205)
['A05/20060723sfjffinallseriousness_run_u_cm_np1_fr_med_1.avi'],[250],tensor(549)
['A25/v_SkateBoarding_g25_c03.avi'],[571],tensor(351)
['A02/TheLastManOnearth_walk_f_cm_np1_le_med_57.avi'],[571],tensor(239)
['A27/v_BodyWeightSquats_g08_c01.avi'],[571],tensor(375)
['A20/v_TaiChi_g09_c02.avi'],[571],tensor(208)
['A07/Treppen_steigen_climb_stairs_f_cm_np1_le_bad_8.avi'],[251],tensor(279)
['A04/likebeckam_sit_f_cm_np1_le_med_28.avi'],[571],tensor(88)
['A09/PracticingBoxingonaDoubleEndBag-LeadRightwithaHook_punch_u_nm_np1_fr_med_4.avi'],[571],tensor(885)
['A05/veoh_harold_and_kumar_run_f_nm_np2_fr_bad_10.avi'],[250],tensor(560)
['A02/NOVA_ELEGANTUNIVERSE1_walk_u_nm_np1_fr_med_5.avi'],[250],tensor(243)
['A14/v_Bowling_g20_c04.avi'],[571],tensor(207)
['A18/v_RockClimbingIndoor_g14_c01.avi'],[573],tensor(401)
['A23/v_Rowing_g24_c05.avi'],[571],tensor(327)
['A08/Nike_Soccer_Commercial_-_Good_vs__Evil_kick_ball_f_cm_np1_le_med_1.avi'],[572],tensor(551)
['A16/v_Biking_g15_c01.avi'],[572],tensor(413)
['A02/BLACK_HAWK_DOWN_walk_u_cm_np1_le_med_3.avi'],[250],tensor(246)
['A04/EasternPromises_sit_f_cm_np1_ri_med_3.avi'],[571],tensor(89)
['A02/50_FIRST_DATES_walk_f_cm_np1_le_med_10.avi'],[250],tensor(239)
['A05/happy_go_lovely_run_f_cm_np1_fr_goo_2.avi'],[571],tensor(547)
['A05/KUNG_FU_HUSTLE_run_f_cm_np1_fr_med_27.avi'],[571],tensor(578)
['A04/SweeneyTodd_sit_u_cm_np1_fr_med_14.avi'],[250],tensor(88)
['A10/person11_boxing_d4_s2.avi'],[396],tensor(396)
['A17/v_TennisSwing_g01_c02.avi'],[396],tensor(499)
['A21/v_SkyDiving_g15_c02.avi'],[571],tensor(246)
['A10/person14_boxing_d4_s3.avi'],[396],tensor(403)
['A08/Banned_Commercials_-_Nike_-_Soccer_vs_ninjas_kick_ball_f_nm_np1_fr_goo_1.avi'],[573],tensor(557)
['A06/AgentCodyBanks_stand_u_cm_np1_fr_med_5.avi'],[250],tensor(96)
['A13/v_PushUps_g25_c03.avi'],[571],tensor(544)
['A06/AmericanGangster_stand_u_nm_np1_fr_med_55.avi'],[250],tensor(90)
['A05/likebeckam_run_f_cm_np1_le_med_23.avi'],[571],tensor(543)
['A10/person11_boxing_d3_s4.avi'],[396],tensor(389)
['A15/v_Basketball_g05_c02.avi'],[571],tensor(460)
['A16/v_Biking_g13_c03.avi'],[572],tensor(395)
['A16/v_Biking_g11_c04.avi'],[573],tensor(397)
['A17/v_TennisSwing_g17_c03.avi'],[522],tensor(498)
['A18/v_RockClimbingIndoor_g24_c02.avi'],[572],tensor(396)
['A25/v_SkateBoarding_g21_c04.avi'],[572],tensor(342)
['A06/Shadow_of_a_Doubt_stand_u_cm_np1_fr_med_3.avi'],[250],tensor(90)
['A22/v_WalkingWithDog_g05_c02.avi'],[572],tensor(220)
['A05/The_Fugitive_5_run_f_nm_np2_fr_med_3.avi'],[571],tensor(574)
['A11/person17_jogging_d2_s2.avi'],[573],tensor(480)
['A27/v_BodyWeightSquats_g12_c04.avi'],[521],tensor(382)
['A16/v_Biking_g12_c02.avi'],[573],tensor(401)
['A02/RATRACE_walk_f_cm_np1_ba_med_17.avi'],[521],tensor(239)
['A26/v_JumpingJack_g15_c02.avi'],[396],tensor(521)
['A06/EVOLUTION_stand_u_cm_np1_fr_med_7.avi'],[250],tensor(92)
['A18/v_RockClimbingIndoor_g25_c02.avi'],[572],tensor(394)
['A19/v_FrisbeeCatch_g18_c04.avi'],[571],tensor(204)
['A06/BIG_FISH_stand_f_cm_np1_fr_med_22.avi'],[250],tensor(89)
['A07/Empire_State_Building_Run-Up_climb_stairs_f_cm_np1_fr_med_0.avi'],[573],tensor(273)
['A22/v_WalkingWithDog_g25_c04.avi'],[572],tensor(215)
['A01/Mike_Weir_at_the_2007_Masters_golf_f_cm_np1_le_med_0.avi'],[347],tensor(333)
['A15/v_Basketball_g03_c05.avi'],[396],tensor(449)
['A13/v_PushUps_g16_c02.avi'],[572],tensor(553)
['A15/v_Basketball_g19_c06.avi'],[571],tensor(449)
['A02/BIG_FISH_walk_f_nm_np1_ri_bad_0.avi'],[251],tensor(238)
['A09/BeginnerKyokushinKarateTechniques_punch_f_nm_np2_fr_med_0.avi'],[571],tensor(932)
['A08/The_Monk_Best_Bits_2_kick_ball_f_cm_np5_le_goo_1.avi'],[571],tensor(563)
['A24/v_Skiing_g04_c01.avi'],[571],tensor(477)
['A22/v_WalkingWithDog_g05_c04.avi'],[571],tensor(207)
['A16/v_Biking_g24_c06.avi'],[573],tensor(400)
['A14/v_Bowling_g19_c04.avi'],[573],tensor(208)
['A08/likebeckam_kick_ball_f_nm_np1_fr_bad_19.avi'],[571],tensor(545)
['A08/Nike_Soccer_Commercial_-_Good_vs__Evil_kick_ball_f_cm_np1_fr_med_0.avi'],[571],tensor(559)
['A02/AmericanGangster_walk_f_cm_np1_ri_med_50.avi'],[571],tensor(239)
['A19/v_FrisbeeCatch_g16_c06.avi'],[214],tensor(206)
['A16/v_Biking_g07_c03.avi'],[573],tensor(402)
['A02/prelinger_LetsPlay1949_walk_f_nm_np1_le_med_10.avi'],[252],tensor(242)
['A18/v_RockClimbingIndoor_g25_c07.avi'],[572],tensor(395)
['A25/v_SkateBoarding_g25_c05.avi'],[347],tensor(345)
['A08/funny_soccer_commercial_kick_ball_f_cm_np1_fr_med_0.avi'],[573],tensor(554)
['A18/v_RockClimbingIndoor_g05_c03.avi'],[572],tensor(397)
['A09/AdvancedBoxingTechniquesandExercises_punch_u_nm_np1_le_med_3.avi'],[571],tensor(879)
['A15/v_Basketball_g02_c06.avi'],[360],tensor(466)
['A09/PracticingBoxingonaDoubleEndBag-LeadRightwithaHook_punch_u_nm_np1_fr_med_2.avi'],[571],tensor(882)
['A14/v_Bowling_g01_c02.avi'],[571],tensor(213)
['A02/Glory_walk_f_nm_np1_fr_med_9.avi'],[252],tensor(247)
['A02/Veoh_Alpha_Dog_1_walk_f_nm_np1_fr_med_30.avi'],[573],tensor(238)
['A04/prelinger_LetsBeGo1953_sit_f_nm_np2_fr_med_6.avi'],[252],tensor(89)
['A01/Camilo_Villegas_Tee_Shot_golf_f_cm_np1_fr_goo_0.avi'],[571],tensor(327)
['A02/Veoh_Alpha_Dog_1_walk_f_nm_np1_fr_med_27.avi'],[573],tensor(240)
['A02/BIG_FISH_walk_f_nm_np1_ba_med_18.avi'],[250],tensor(239)
['A03/RETURN_OF_THE_KING_eat_u_nm_np1_le_med_15.avi'],[250],tensor(103)
['A05/THE_PROTECTOR_run_f_nm_np1_le_med_91.avi'],[573],tensor(552)
['A04/Prelinger_ActYourA1949_sit_u_cm_np1_ri_med_2.avi'],[252],tensor(89)
['A05/The_Matrix_3_run_f_cm_np1_ri_med_7.avi'],[573],tensor(550)
['A03/Return_of_the_King_1_eat_h_nm_np1_fr_goo_1.avi'],[250],tensor(104)
['A23/v_Rowing_g05_c02.avi'],[571],tensor(327)
['A21/v_SkyDiving_g17_c02.avi'],[572],tensor(243)
['A23/v_Rowing_g09_c05.avi'],[571],tensor(334)
['A02/TheBoondockSaints_walk_f_nm_np1_fr_med_41.avi'],[252],tensor(238)
['A12/v_JumpRope_g12_c02.avi'],[396],tensor(852)
['A02/prideandprejudice1_walk_u_nm_np1_fr_med_13.avi'],[250],tensor(241)
['A09/Italian_Job_4_punch_u_cm_np1_fr_med_1.avi'],[250],tensor(897)
['A02/DONNIE_DARKO_walk_f_nm_np1_fr_med_5.avi'],[250],tensor(238)
['A14/v_Bowling_g25_c03.avi'],[573],tensor(217)
['A13/v_PushUps_g20_c03.avi'],[571],tensor(544)
['A11/person13_jogging_d2_s3.avi'],[573],tensor(477)
['A20/v_TaiChi_g19_c01.avi'],[360],tensor(210)
['A08/How_to_Shoot_Penalty_Kicks_kick_ball_f_cm_np1_ba_bad_4.avi'],[571],tensor(547)
['A18/v_RockClimbingIndoor_g07_c04.avi'],[573],tensor(398)
['A19/v_FrisbeeCatch_g11_c04.avi'],[571],tensor(213)
['A02/Oceans12_walk_f_cm_np1_fr_med_12.avi'],[250],tensor(238)
['A27/v_BodyWeightSquats_g15_c02.avi'],[396],tensor(373)
['A04/AmericanGangster_sit_f_cm_np1_le_med_43.avi'],[252],tensor(88)
['A07/Return_of_the_King_4_climb_stairs_f_cm_np1_ba_bad_6.avi'],[572],tensor(271)
['A01/Lorena_Ochoa_et_Paula_Creamer_golf_f_cm_np1_le_med_0.avi'],[571],tensor(328)
['A04/TheRoyalTenenbaums_sit_u_nm_np1_fr_med_4.avi'],[250],tensor(92)
['A14/v_Bowling_g11_c04.avi'],[571],tensor(204)
['A04/TheRoyalTenenbaums_sit_u_nm_np1_fr_med_2.avi'],[250],tensor(91)
['A02/Hitch_Part_2_walk_u_cm_np1_fr_med_10.avi'],[571],tensor(241)
['A19/v_FrisbeeCatch_g10_c01.avi'],[216],tensor(211)
['A15/v_Basketball_g10_c02.avi'],[573],tensor(446)
['A05/THE_PROTECTOR_run_f_nm_np1_fr_med_21.avi'],[573],tensor(544)
['A21/v_SkyDiving_g01_c02.avi'],[572],tensor(242)
['A05/The_Matrix_3_run_f_cm_np1_ba_med_8.avi'],[573],tensor(545)
['A23/v_Rowing_g04_c05.avi'],[571],tensor(327)
['A21/v_SkyDiving_g25_c01.avi'],[250],tensor(238)
['A17/v_TennisSwing_g16_c05.avi'],[521],tensor(501)
['A17/v_TennisSwing_g14_c02.avi'],[573],tensor(500)
['A04/Finding_Forrester_1_sit_u_cm_np1_le_med_9.avi'],[252],tensor(89)
['A17/v_TennisSwing_g12_c03.avi'],[359],tensor(507)
['A21/v_SkyDiving_g12_c02.avi'],[572],tensor(244)
['A24/v_Skiing_g08_c04.avi'],[573],tensor(478)
['A19/v_FrisbeeCatch_g03_c04.avi'],[571],tensor(208)
['A12/v_JumpRope_g17_c02.avi'],[396],tensor(846)
['A24/v_Skiing_g06_c03.avi'],[573],tensor(482)
['A09/BoxingTipsHowtoMakeKnucklesStronger_punch_u_cm_np1_ri_goo_5.avi'],[571],tensor(960)
['A04/AmericanGangster_sit_f_cm_np1_le_bad_11.avi'],[571],tensor(89)
['A24/v_Skiing_g17_c03.avi'],[573],tensor(484)
['A09/LivefreeorDieHard_punch_u_cm_np1_fr_med_4.avi'],[250],tensor(884)
['A02/20060723sfjffcookies_walk_u_nm_np1_fr_med_0.avi'],[573],tensor(239)
['A21/v_SkyDiving_g06_c02.avi'],[573],tensor(241)
['A02/21_walk_u_cm_np1_fr_med_15.avi'],[250],tensor(245)
['A19/v_FrisbeeCatch_g11_c02.avi'],[571],tensor(213)
['A05/AmericanGangster_run_u_nm_np1_ba_med_66.avi'],[571],tensor(552)
['A07/Fellowship_6_climb_stairs_f_cm_np1_ba_med_3.avi'],[251],tensor(287)
['A24/v_Skiing_g21_c06.avi'],[573],tensor(491)
['A17/v_TennisSwing_g06_c06.avi'],[521],tensor(497)
['A09/AdvancedBoxingTechniquesandExercises_punch_u_nm_np1_ri_med_17.avi'],[571],tensor(882)
['A13/v_PushUps_g19_c03.avi'],[571],tensor(547)
['A12/v_JumpRope_g10_c01.avi'],[573],tensor(884)
['A02/Catch_Me_If_You_Can_walk_u_cm_np1_fr_med_2.avi'],[250],tensor(242)
['A02/Hitch_Part_2_walk_u_cm_np1_fr_med_1.avi'],[250],tensor(244)
['A09/AdvancedBoxingTechniquesandExercises_punch_u_nm_np1_fr_med_0.avi'],[571],tensor(876)
['A02/likebeckam_walk_f_nm_np1_ba_med_32.avi'],[250],tensor(238)
['A27/v_BodyWeightSquats_g05_c03.avi'],[571],tensor(374)
['A18/v_RockClimbingIndoor_g19_c04.avi'],[572],tensor(399)
['A02/TheBoondockSaints_walk_f_cm_np2_ri_med_14.avi'],[573],tensor(240)
['A06/TheBoondockSaints_stand_f_cm_np1_fr_med_59.avi'],[251],tensor(91)
['A09/AdvancedBoxingTechniquesandExercises_punch_u_nm_np1_ri_med_21.avi'],[571],tensor(881)
['A02/BIG_FISH_walk_f_nm_np1_fr_med_13.avi'],[250],tensor(239)
['A02/Fellowship_6_walk_f_cm_np1_fr_med_11.avi'],[250],tensor(239)
['A02/Age13_2_walk_f_cm_np1_fr_med_0.avi'],[573],tensor(239)
['A25/v_SkateBoarding_g11_c01.avi'],[571],tensor(364)
['A18/v_RockClimbingIndoor_g10_c02.avi'],[572],tensor(409)
['A16/v_Biking_g10_c02.avi'],[572],tensor(399)
['A27/v_BodyWeightSquats_g21_c04.avi'],[521],tensor(374)
['A24/v_Skiing_g12_c01.avi'],[359],tensor(487)
['A22/v_WalkingWithDog_g22_c03.avi'],[216],tensor(208)
['A06/Glory_stand_u_cm_np1_fr_bad_20.avi'],[251],tensor(93)
['A04/BRIDGETOTERABITHIA_sit_u_nm_np1_fr_med_4.avi'],[250],tensor(90)
['A02/EverythingisIlluminated_walk_f_nm_np1_fr_med_1.avi'],[573],tensor(238)
['A12/v_JumpRope_g08_c02.avi'],[521],tensor(861)
['A02/preparationoffoods256kb_walk_f_cm_np1_ri_med_1.avi'],[251],tensor(239)
['A07/Increase_stride_length_by_running_stairs__working_step_over_action_speed_development_climb_stairs_f_cm_np1_le_med_0.avi'],[573],tensor(274)
['A27/v_BodyWeightSquats_g25_c01.avi'],[521],tensor(376)
['A08/BRIAN_CLOUGH_-_ON_THE_TRAINING_GROUND_kick_ball_f_cm_np1_ri_med_0.avi'],[571],tensor(546)
['A07/Beginner_Boxing_Lessons_-_Using_Stairs_for_Boxing_Training_climb_stairs_l_cm_np1_ba_med_0.avi'],[573],tensor(289)
['A12/v_JumpRope_g24_c06.avi'],[396],tensor(844)
['A22/v_WalkingWithDog_g20_c04.avi'],[573],tensor(212)
['A19/v_FrisbeeCatch_g07_c02.avi'],[571],tensor(219)
['A02/Prelinger_HabitPat1954_walk_f_cm_np1_le_med_13.avi'],[250],tensor(240)
['A10/person18_boxing_d4_s2.avi'],[396],tensor(402)
['A05/20060723sfjffbumblebeesuitman_run_f_cm_np2_ri_med_1.avi'],[571],tensor(553)
['A25/v_SkateBoarding_g14_c04.avi'],[571],tensor(344)
['A27/v_BodyWeightSquats_g01_c03.avi'],[521],tensor(380)
['A11/person18_jogging_d4_s3.avi'],[573],tensor(499)
['A05/Hitch_Part_2_run_f_cm_np1_fr_med_8.avi'],[571],tensor(547)
['A22/v_WalkingWithDog_g19_c04.avi'],[252],tensor(217)
['A04/AboutABoy_sit_u_cm_np1_ri_med_1.avi'],[250],tensor(89)
['A02/LivefreeorDieHard_walk_u_cm_np1_fr_med_6.avi'],[250],tensor(246)
['A18/v_RockClimbingIndoor_g14_c02.avi'],[573],tensor(398)
['A04/SweeneyTodd_sit_f_nm_np1_fr_bad_34.avi'],[252],tensor(88)
['A02/Crash_walk_f_nm_np1_ba_med_14.avi'],[573],tensor(239)
['A10/person18_boxing_d1_s3.avi'],[396],tensor(396)
['A07/Narcotic1967256kb_climb_stairs_f_nm_np1_ba_med_0.avi'],[571],tensor(276)
['A13/v_PushUps_g13_c01.avi'],[572],tensor(564)
['A13/v_PushUps_g20_c01.avi'],[571],tensor(544)
['A05/TrumanShow_run_f_cm_np1_ba_med_13.avi'],[573],tensor(547)
['A02/Oceans13_walk_f_cm_np1_fr_med_6.avi'],[250],tensor(239)
['A17/v_TennisSwing_g21_c02.avi'],[521],tensor(501)
['A24/v_Skiing_g04_c02.avi'],[573],tensor(477)
['A24/v_Skiing_g21_c04.avi'],[573],tensor(490)
['A05/MeettheFockers_run_u_nm_np1_fr_med_13.avi'],[571],tensor(557)
['A03/StrangerThanFiction_eat_u_nm_np1_ri_med_3.avi'],[250],tensor(102)
['A01/golf_golf_f_nm_np1_ri_goo_1.avi'],[347],tensor(328)
['A01/Anna_Rawson_Driver_Practice_golf_f_nm_np1_ri_bad_0.avi'],[347],tensor(327)
['A25/v_SkateBoarding_g05_c04.avi'],[521],tensor(345)
['A05/Crash_run_f_cm_np1_fr_med_17.avi'],[572],tensor(556)
['A02/Shadow_of_a_Doubt_walk_u_cm_np1_le_med_6.avi'],[250],tensor(239)
['A21/v_SkyDiving_g03_c02.avi'],[573],tensor(246)
['A08/metacafe_coolsoccer_kick_ball_f_cm_np1_ba_bad_7.avi'],[571],tensor(578)
['A16/v_Biking_g18_c01.avi'],[573],tensor(396)
['A02/TheBoondockSaints_walk_u_cm_np1_fr_med_20.avi'],[251],tensor(255)
['A04/prideandprejudice1_sit_u_nm_np1_ba_med_3.avi'],[250],tensor(89)
['A01/Morgan_Pressel_golf_f_cm_np1_ri_goo_0.avi'],[571],tensor(328)
['A04/CharlieAndTheChocolateFactory_sit_f_nm_np1_fr_med_3.avi'],[250],tensor(89)
['A06/TheBoondockSaints_stand_u_nm_np1_fr_med_111.avi'],[573],tensor(89)
['A02/MeettheParents_walk_u_cm_np1_fr_med_1.avi'],[250],tensor(242)
['A10/person18_boxing_d3_s2.avi'],[396],tensor(405)
['A25/v_SkateBoarding_g24_c04.avi'],[571],tensor(344)
['A04/NOVA_ELEGANTUNIVERSE3_sit_f_nm_np1_fr_med_2.avi'],[250],tensor(88)
['A27/v_BodyWeightSquats_g10_c01.avi'],[396],tensor(378)
['A02/20060723sfjffjewcy_walk_f_cm_np1_ba_med_2.avi'],[250],tensor(240)
['A02/TheLastManOnearth_walk_f_nm_np1_fr_med_37.avi'],[250],tensor(238)
['A09/BoxingTipsHowtoBuildPunchingPower_punch_u_cm_np1_fr_goo_0.avi'],[571],tensor(889)
['A02/TheLastManOnearth_walk_f_nm_np1_fr_med_0.avi'],[250],tensor(239)
['A12/v_JumpRope_g10_c02.avi'],[573],tensor(894)
['A05/likebeckam_run_f_cm_np1_ba_med_2.avi'],[571],tensor(559)
['A24/v_Skiing_g03_c03.avi'],[573],tensor(492)
['A25/v_SkateBoarding_g09_c03.avi'],[571],tensor(346)
['A21/v_SkyDiving_g07_c02.avi'],[572],tensor(240)
['A20/v_TaiChi_g21_c04.avi'],[571],tensor(213)
['A02/Veoh_Alpha_Dog_1_walk_f_nm_np1_fr_med_15.avi'],[250],tensor(239)
['A07/Bruno_Walks_up_Stairs_-_Chicago_Dog_Training_-_We_can_teach_ANYTHING_to_a_dog!!!!_climb_stairs_f_cm_np1_fr_med_1.avi'],[571],tensor(276)
['A17/v_TennisSwing_g17_c07.avi'],[522],tensor(497)
['A10/person11_boxing_d1_s4.avi'],[396],tensor(383)
['A26/v_JumpingJack_g04_c02.avi'],[396],tensor(525)
['A02/50_FIRST_DATES_walk_f_cm_np1_ri_med_31.avi'],[573],tensor(239)
['A21/v_SkyDiving_g15_c03.avi'],[573],tensor(253)
['A05/Veoh_Alpha_Dog_2_run_f_nm_np1_ba_bad_19.avi'],[572],tensor(600)
['A23/v_Rowing_g01_c01.avi'],[571],tensor(327)
['A08/FC_Venus_-_Ausschnitt_Teil_3_kick_ball_l_cm_np1_fr_med_0.avi'],[571],tensor(545)
['A12/v_JumpRope_g12_c03.avi'],[396],tensor(852)
['A08/Wayne_Rooney_At_Home_Funny_Must_See_kick_ball_f_cm_np1_ba_med_6.avi'],[573],tensor(550)
['A06/TheBoondockSaints_stand_f_cm_np1_fr_med_112.avi'],[251],tensor(91)
['A18/v_RockClimbingIndoor_g03_c01.avi'],[572],tensor(398)
['A26/v_JumpingJack_g19_c02.avi'],[360],tensor(542)
['A12/v_JumpRope_g21_c03.avi'],[396],tensor(850)
['A22/v_WalkingWithDog_g22_c02.avi'],[573],tensor(214)
['A02/NOVA_ELEGANTUNIVERSE1_walk_f_nm_np1_fr_med_2.avi'],[571],tensor(239)
['A03/THE_PROTECTOR_eat_u_nm_np1_le_goo_58.avi'],[250],tensor(104)
